date,interval,quantity_kwh
2025-02-01,03:40-03:50,12.86080000000004
2025-02-01,09:00-09:10,16.29916666666668
2025-02-01,10:20-10:30,12.85253333333344
2025-02-01,12:10-12:20,11.501566666667031
2025-02-01,12:50-13:30,104.58726666666644
2025-02-01,14:00-14:40,114.27599197530685
2025-02-01,15:30-15:50,52.075233333333415
2025-02-01,18:10-18:30,12.14681666666669
2025-02-01,19:20-19:50,115.41269999999997
2025-02-01,21:20-21:40,51.36796666666669
2025-02-01,22:50-23:20,53.20239999999967
2025-02-01,00:00+1-00:10+1,7.430000000000064
2025-02-02,01:50-02:10,18.08118333333323
2025-02-02,02:50-03:20,85.36464999999998
2025-02-02,18:30-18:50,34.06839999999987
2025-02-02,19:10-19:30,33.34035000000008
2025-02-02,22:00-22:10,3.7233333333333576
2025-02-03,00:30-00:50,13.406550000000038
2025-02-03,02:00-02:30,35.22423333333336
2025-02-03,03:10-03:40,66.96561666666673
2025-02-03,04:20-04:30,7.078583333333427
2025-02-03,06:40-06:50,1.4228666666665504
2025-02-03,09:10-09:30,44.83826666666721
2025-02-03,09:40-10:10,68.17913333333331
2025-02-03,10:20-11:00,232.87185000000022
2025-02-03,12:00-12:50,138.26563333333343
2025-02-03,16:20-16:40,11.781166666666763
2025-02-03,17:10-17:30,26.686616666666584
2025-02-03,18:20-18:50,45.2169166666669
2025-02-03,20:30-20:50,29.339016666666566
2025-02-03,22:40-22:50,2.1951333333331604
2025-02-03,00:00+1-00:10+1,15.758333333333212
2025-02-04,00:30-00:40,23.706666666666706
2025-02-04,02:20-02:30,5.111633333333316
2025-02-04,07:40-07:50,3.9872666666665566
2025-02-04,09:30-09:40,24.079583333333176
2025-02-04,11:00-11:30,37.137716666666506
2025-02-04,15:00-15:30,112.45678333333359
2025-02-04,16:10-16:30,33.27596666666659
2025-02-04,18:00-18:10,6.81666666666672
2025-02-04,18:30-18:50,27.522633333333463
2025-02-04,19:20-19:30,1.025600000000054
2025-02-04,20:50-21:00,7.3197166666665225
2025-02-04,22:10-22:50,194.67343333333338
2025-02-05,00:10-00:30,45.523750000000064
2025-02-05,01:10-01:20,6.991116666666699
2025-02-05,01:50-02:00,14.535116666666681
2025-02-05,04:00-04:20,1.297583333333364
2025-02-05,06:10-06:30,49.24713333333346
2025-02-05,07:10-07:30,32.31568333333338
2025-02-05,08:40-08:50,3.0322499999998627
2025-02-05,09:10-12:40,1416.5552833333327
2025-02-05,13:50-14:40,186.8404166666669
2025-02-05,15:00-15:20,10.977633333333529
2025-02-05,16:40-16:50,3.5150999999999897
2025-02-05,17:30-17:50,31.627416666666765
2025-02-05,18:10-18:30,41.83304999999997
2025-02-05,18:50-19:20,50.72165000000007
2025-02-05,19:50-20:20,51.57013333333339
2025-02-05,20:30-20:40,1.0299999999999727
2025-02-05,21:10-21:30,2.7606166666666923
2025-02-05,22:20-22:50,40.07518333333303
2025-02-06,00:10-00:40,69.00681666666685
2025-02-06,01:00-01:10,1.2416666666666742
2025-02-06,03:50-04:00,2.781600000000026
2025-02-06,05:00-05:10,3.3266666666667106
2025-02-06,08:00-08:10,1.8154166666669767
2025-02-06,11:10-11:30,43.61328333333336
2025-02-06,11:40-12:00,53.23705000000018
2025-02-06,12:10-13:20,388.7825666666664
2025-02-06,13:40-13:50,34.897366666666585
2025-02-06,14:10-14:40,113.19673333333333
2025-02-06,15:00-15:30,119.67221666666637
2025-02-06,19:00-19:20,24.18428333333327
2025-02-06,20:40-20:50,9.4998333333333
2025-02-06,21:10-21:30,76.78631666666661
2025-02-06,22:30-23:10,55.82133333333377
2025-02-07,01:30-01:40,1.9183333333333508
2025-02-07,02:10-02:30,23.569583333333412
2025-02-07,03:30-03:50,30.507616666666706
2025-02-07,04:50-05:00,3.299549999999954
2025-02-07,08:30-09:10,84.70688333333328
2025-02-07,15:50-16:00,4.701216666666653
2025-02-07,18:30-19:00,119.65718333333331
2025-02-07,19:10-19:30,37.76561666666663
2025-02-07,19:40-20:00,31.48378333333335
2025-02-07,20:50-21:20,72.89526666666677
2025-02-07,22:30-22:40,19.34999999999991
2025-02-07,23:00-23:10,1.1633333333334122
2025-02-07,23:30-23:40,11.603333333333467
2025-02-08,00:30-01:20,84.21558333333337
2025-02-08,02:00-02:20,62.67735000000005
2025-02-08,03:00-03:30,25.30918333333335
2025-02-08,04:00-04:50,47.67073333333343
2025-02-08,05:00-05:30,34.25399999999989
2025-02-08,06:30-06:40,8.475000000000023
2025-02-08,07:10-07:40,69.45958333333347
2025-02-08,09:50-10:10,28.137333333333345
2025-02-08,11:50-12:10,29.281099999999697
2025-02-08,12:40-13:00,32.97554999999966
2025-02-08,13:30-14:10,181.18346666666696
2025-02-08,17:30-18:20,56.68123333333335
2025-02-08,18:40-19:30,138.37906666666672
2025-02-08,19:50-21:00,138.74571666666668
2025-02-08,22:10-22:40,92.93264999999985
2025-02-08,23:30-23:40,1.3266666666668243
2025-02-09,00:40-01:10,41.92268333333334
2025-02-09,01:30-01:50,51.546916666666675
2025-02-09,02:10-02:30,47.97513333333336
2025-02-09,03:20-03:40,22.512033333333193
2025-02-09,04:00-04:30,68.32510000000013
2025-02-09,04:50-05:00,21.454516666666564
2025-02-09,05:40-06:00,14.897716666667051
2025-02-09,06:10-06:30,8.924083333333463
2025-02-09,07:10-07:30,38.80356666666668
2025-02-09,09:10-15:00,2549.1108999999997
2025-02-09,17:20-17:30,5.770783333333261
2025-02-09,18:00-18:20,58.42199999999991
2025-02-09,19:20-20:10,65.97261666666645
2025-02-09,20:50-21:20,33.12013333333334
2025-02-09,21:30-21:50,35.42541666666682
2025-02-09,22:10-22:30,29.86539999999991
2025-02-09,23:00-23:20,3.074299999999994
2025-02-09,23:30-00:00+1,39.30686666666679
2025-02-10,00:10-00:30,14.438166666666348
2025-02-10,01:10-01:30,53.57786666666664
2025-02-10,02:30-03:10,48.976
2025-02-10,03:50-04:00,6.822983333333241
2025-02-10,04:40-05:40,132.5752333333333
2025-02-10,05:50-06:10,20.821333333333314
2025-02-10,08:00-08:30,73.17743333333311
2025-02-10,14:20-14:30,3.030866666666725
2025-02-10,14:40-14:50,1.9631999999998015
2025-02-10,18:50-19:10,96.59163333333336
2025-02-10,19:40-20:00,12.543733333333307
2025-02-10,20:50-21:10,41.01125000000002
2025-02-10,21:30-22:20,90.81298333333336
2025-02-10,23:00-23:10,7.051666666666733
2025-02-10,23:20-00:10+1,149.6052000000002
2025-02-11,00:10-00:20,12.75971666666669
2025-02-11,00:40-01:00,17.55404999999996
2025-02-11,02:10-02:30,9.958033333333333
2025-02-11,02:40-02:50,7.891849999999977
2025-02-11,03:10-03:30,46.530816666666624
2025-02-11,03:50-04:00,3.277583333333382
2025-02-11,04:20-05:20,75.82983333333351
2025-02-11,05:50-06:00,0.09233333333338578
2025-02-11,06:10-06:30,7.122333333333307
2025-02-11,06:40-06:50,5.596883333333254
2025-02-11,17:30-17:40,13.01833333333343
2025-02-11,18:10-18:30,12.356699999999906
2025-02-11,18:50-20:00,110.01735
2025-02-11,20:10-21:50,224.7099000000003
2025-02-11,23:00-00:00+1,94.59510000000046
2025-02-12,00:40-01:00,12.322949999999992
2025-02-12,02:50-03:00,5.614550000000008
2025-02-12,03:10-03:30,17.782500000000255
2025-02-12,03:40-03:50,8.952666666666687
2025-02-12,04:30-05:00,74.42164999999994
2025-02-12,06:20-06:40,9.42739999999992
2025-02-12,07:00-07:10,27.96583333333332
2025-02-12,13:30-14:00,85.53840000000059
2025-02-12,14:10-14:30,25.57406666666634
2025-02-12,14:40-15:00,30.237633333333406
2025-02-12,15:40-16:00,65.73498333333333
2025-02-12,16:20-16:30,17.64588333333336
2025-02-12,18:00-18:10,0.4283333333332848
2025-02-12,18:20-18:50,45.872550000000125
2025-02-12,19:20-19:40,29.33516666666673
2025-02-12,20:00-20:20,41.45561666666663
2025-02-12,20:40-22:10,134.54273333333367
2025-02-12,23:00-23:50,72.5486666666668
2025-02-13,00:10-00:20,8.866099999999733
2025-02-13,00:40-01:00,49.418399999999906
2025-02-13,01:20-01:30,28.944766666666737
2025-02-13,01:50-02:50,99.2238000000001
2025-02-13,03:10-04:00,74.00498333333337
2025-02-13,04:20-04:40,61.497100000000046
2025-02-13,05:00-05:20,54.61888333333324
2025-02-13,05:40-06:00,74.93714999999995
2025-02-13,06:30-06:50,11.93446666666653
2025-02-13,18:40-19:00,41.683416666666666
2025-02-13,19:20-20:10,209.55618333333337
2025-02-13,20:50-21:10,39.65833333333342
2025-02-13,21:30-21:50,26.3665666666667
2025-02-13,23:30-23:40,32.59166666666647
2025-02-14,00:10-00:20,31.649766666666665
2025-02-14,00:50-01:20,85.13270000000006
2025-02-14,02:10-02:20,4.459666666666635
2025-02-14,02:40-03:30,121.2713666666665
2025-02-14,03:50-04:00,3.154850000000067
2025-02-14,04:30-04:50,2.9508666666666783
2025-02-14,05:30-06:30,163.8693499999997
2025-02-14,10:40-10:50,40.44444999999996
2025-02-14,11:00-11:30,106.72074999999995
2025-02-14,11:40-12:00,205.8833666666667
2025-02-14,12:20-13:20,367.72083333333353
2025-02-14,13:40-14:00,88.11466666666706
2025-02-14,14:20-14:30,26.735500000000002
2025-02-14,16:10-16:20,7.086066666666682
2025-02-14,17:10-18:40,218.88466666666676
2025-02-14,19:10-19:30,4.5252999999999535
2025-02-14,20:20-20:40,14.0194166666667
2025-02-14,21:30-21:40,3.828333333333319
2025-02-14,22:10-22:20,14.401033333333316
2025-02-14,22:50-23:00,22.133466666666664
2025-02-14,23:20-23:30,5.631716666666762
2025-02-14,23:40-00:10+1,33.602700000000084
2025-02-15,00:10-00:20,21.479283333333342
2025-02-15,00:50-01:50,57.57311666666669
2025-02-15,02:10-03:00,163.2143999999999
2025-02-15,03:40-04:00,46.58881666666673
2025-02-15,04:50-05:10,25.88810000000001
2025-02-15,05:30-06:30,144.65763333333308
2025-02-15,06:40-07:10,42.04576666666669
2025-02-15,09:20-09:40,64.45304999999996
2025-02-15,10:20-11:10,131.36005000000011
2025-02-15,11:20-12:00,268.29960000000005
2025-02-15,12:10-12:20,29.745183333333443
2025-02-15,15:10-15:30,6.693856378600003
2025-02-15,15:50-16:10,23.83933333333323
2025-02-15,17:10-17:30,8.464833333333175
2025-02-15,17:40-18:00,2.242650000000026
2025-02-15,18:10-18:30,28.577166666666646
2025-02-15,18:40-19:00,15.068216666666759
2025-02-15,19:30-20:10,112.87373333333335
2025-02-15,21:00-22:00,209.13729999999993
2025-02-15,22:30-23:30,181.43436666666662
2025-02-15,23:40-00:10+1,26.83761666666669
2025-02-16,00:10-00:30,35.568533333333335
2025-02-16,00:40-01:00,21.025466666666603
2025-02-16,01:40-02:00,17.114599999999996
2025-02-16,02:30-03:00,31.32370000000003
2025-02-16,03:40-04:00,37.91723333333334
2025-02-16,04:20-04:40,114.3884833333334
2025-02-16,05:00-05:10,24.600000000000023
2025-02-16,05:30-05:50,57.81516666666668
2025-02-16,06:00-06:20,36.112099999999955
2025-02-16,06:30-07:10,26.65153333333328
2025-02-16,08:20-08:30,7.337549999999965
2025-02-16,16:30-17:10,61.69318333333332
2025-02-16,17:40-18:00,78.05518333333315
2025-02-16,18:50-19:40,85.80433333333318
2025-02-16,20:00-20:50,81.78445000000022
2025-02-16,21:10-21:30,34.06306666666649
2025-02-16,21:40-22:00,42.939649999999915
2025-02-16,22:30-23:10,78.48771666666676
2025-02-16,23:30-23:50,38.07558333333327
2025-02-17,00:10-00:30,22.228099999999813
2025-02-17,00:40-01:10,80.10688333333349
2025-02-17,01:40-02:00,62.43426666666676
2025-02-17,02:10-02:30,60.917900000000145
2025-02-17,03:10-03:40,72.49968333333322
2025-02-17,04:30-04:40,5.338333333333367
2025-02-17,06:10-06:20,2.252050000000086
2025-02-17,06:50-07:10,20.693783333333528
2025-02-17,09:50-10:20,20.876433333333125
2025-02-17,11:30-11:50,43.674600000000055
2025-02-17,12:10-12:40,234.78703333333306
2025-02-17,13:10-13:20,2.509366666666665
2025-02-17,17:00-17:20,19.876416666666742
2025-02-17,17:40-17:50,1.8150833333334049
2025-02-17,18:20-19:00,56.742033333333396
2025-02-17,19:10-19:40,126.86434999999982
2025-02-17,20:00-20:40,70.86136666666653
2025-02-17,21:10-21:30,10.495566666666832
2025-02-17,21:40-21:50,8.82039999999995
2025-02-17,22:20-23:40,110.13021666666634
2025-02-18,00:10-00:30,17.38911666666604
2025-02-18,00:50-01:40,119.10631666666677
2025-02-18,02:00-02:10,9.943333333333385
2025-02-18,03:20-03:40,14.809183333333408
2025-02-18,03:50-04:40,95.75216666666654
2025-02-18,05:00-05:10,12.50666666666666
2025-02-18,05:20-05:40,39.88071666666667
2025-02-18,05:50-06:10,46.324466666666694
2025-02-18,10:40-11:10,96.54356666666627
2025-02-18,11:20-11:40,28.416816666667046
2025-02-18,12:50-13:10,118.12411666666685
2025-02-18,13:30-14:10,149.8087499999998
2025-02-18,15:30-15:40,1.3845833333332394
2025-02-18,17:30-18:30,79.81678333333292
2025-02-18,18:40-19:00,27.294533333333444
2025-02-18,19:10-19:30,16.5192999999999
2025-02-18,20:00-20:20,39.83701666666673
2025-02-18,20:40-20:50,12.547799999999938
2025-02-18,21:10-21:30,14.952699999999936
2025-02-18,21:50-22:30,36.99881666666647
2025-02-18,22:50-23:00,8.571333333333314
2025-02-18,23:20-23:40,9.778183333333118
2025-02-18,00:00+1-00:10+1,7.376666666666665
2025-02-19,00:10-00:20,5.157949999999801
2025-02-19,00:50-02:20,228.07336666666663
2025-02-19,02:30-03:20,142.53506666666658
2025-02-19,03:30-03:50,25.22040000000004
2025-02-19,04:50-05:30,71.42486666666676
2025-02-19,06:00-06:10,34.50166666666678
2025-02-19,06:30-06:40,45.47291666666656
2025-02-19,08:50-09:20,59.503799999999956
2025-02-19,09:40-10:10,74.88081666666665
2025-02-19,15:00-15:40,78.77158333333375
2025-02-19,17:30-17:40,7.043333333333294
2025-02-19,18:10-18:20,3.221849999999904
2025-02-19,18:50-19:30,34.75763333333318
2025-02-19,19:50-21:30,141.99633333333327
2025-02-19,21:50-23:10,173.3204499999997
2025-02-19,23:40-00:10+1,133.88535000000013
2025-02-20,00:30-00:40,26.625
2025-02-20,01:00-01:20,49.22295000000008
2025-02-20,02:30-02:40,0.2333333333332348
2025-02-20,02:50-03:10,53.03143333333344
2025-02-20,04:00-04:30,54.31524999999999
2025-02-20,04:40-05:00,60.299716666666725
2025-02-20,05:30-05:50,33.79893333333291
2025-02-20,06:10-06:30,49.01988333333305
2025-02-20,08:20-09:00,99.4030666666664
2025-02-20,09:30-12:20,1592.4929333333337
2025-02-20,15:00-15:10,5.635416666666515
2025-02-20,16:50-17:00,5.806649999999905
2025-02-20,17:10-18:10,78.41811666666678
2025-02-20,18:20-18:50,79.27936666666676
2025-02-20,20:10-20:30,65.99358333333339
2025-02-20,20:50-21:30,52.32491666666647
2025-02-20,22:00-22:40,55.72276666666721
2025-02-20,23:00-23:30,93.7776
2025-02-20,00:00+1-00:10+1,12.86833333333334
2025-02-21,00:30-02:20,208.78988333333348
2025-02-21,04:00-04:40,87.14986666666653
2025-02-21,05:00-05:50,89.43920000000033
2025-02-21,08:50-09:00,17.606333333333396
2025-02-21,13:30-13:40,35.13416666666649
2025-02-21,14:00-14:10,10.971250000000055
2025-02-21,15:00-15:10,18.796249999999986
2025-02-21,17:40-18:00,34.72901666666669
2025-02-21,18:20-18:40,37.51763333333333
2025-02-21,19:00-19:10,19.361666666666622
2025-02-21,19:30-19:50,76.82825000000008
2025-02-21,21:00-21:30,68.1540666666665
2025-02-21,21:50-22:20,80.32914999999997
2025-02-21,22:30-23:20,93.53441666666663
2025-02-21,23:50-00:10+1,44.71960000000007
2025-02-22,00:30-00:50,20.86438333333342
2025-02-22,01:00-01:40,17.815833333333273
2025-02-22,01:50-02:20,79.25375000000003
2025-02-22,02:50-04:40,185.33981666666665
2025-02-22,05:10-05:30,28.421933333333307
2025-02-22,06:30-06:40,3.2179166666666443
2025-02-22,09:40-10:10,64.69635000000017
2025-02-22,10:20-10:40,31.265199999999936
2025-02-22,10:50-11:00,43.28926666666666
2025-02-22,12:50-14:50,554.0979333333338
2025-02-22,17:20-17:30,13.905233333333364
2025-02-22,17:40-18:10,115.8573166666666
2025-02-22,19:10-19:40,55.638000000000034
2025-02-22,20:10-20:30,15.824883333333275
2025-02-22,20:40-21:00,33.2363666666667
2025-02-22,21:30-21:40,9.883333333333383
2025-02-22,21:50-22:20,96.58579999999995
2025-02-22,23:00-23:10,17.269999999999982
2025-02-22,23:40-00:10+1,71.15968333333319
2025-02-23,00:10-00:40,51.31031666666661
2025-02-23,01:20-01:40,37.480800000000045
2025-02-23,02:00-02:30,24.256883333333576
2025-02-23,03:10-03:30,89.7946833333333
2025-02-23,04:00-04:10,15.306666666666615
2025-02-23,04:40-05:00,72.9637333333335
2025-02-23,05:10-05:40,136.1800500000002
2025-02-23,06:10-06:20,9.902100000000077
2025-02-23,12:10-12:50,219.34658333333323
2025-02-23,15:30-15:50,4.996799999999894
2025-02-23,17:30-17:40,3.0533333333333754
2025-02-23,18:10-18:30,39.52251666666663
2025-02-23,19:30-20:00,86.91173333333347
2025-02-23,20:10-21:00,66.48390000000006
2025-02-23,21:10-21:40,55.26558333333355
2025-02-23,21:50-22:40,80.68143333333353
2025-02-23,23:10-23:40,69.59491666666668
2025-02-23,00:00+1-00:10+1,12.543333333333408
2025-02-24,00:30-01:00,48.63318333333325
2025-02-24,01:20-01:40,68.00314999999989
2025-02-24,03:10-03:20,5.8351166666667496
2025-02-24,04:50-05:20,69.08455000000001
2025-02-24,06:10-06:30,65.99803333333332
2025-02-24,08:10-08:30,25.972166666666794
2025-02-24,08:40-08:50,3.0994666666667854
2025-02-24,11:10-11:30,67.91658333333316
2025-02-24,13:30-13:40,83.5129166666668
2025-02-24,14:10-14:20,12.995233333333317
2025-02-24,17:20-18:20,128.68069999999977
2025-02-24,19:50-20:00,8.730733333333546
2025-02-24,20:20-21:10,154.1098666666668
2025-02-24,21:30-22:30,102.8377499999998
2025-02-24,22:50-23:00,0.024816666666538367
2025-02-24,23:30-23:40,0.9883333333334576
2025-02-25,00:10-00:30,24.865350000000262
2025-02-25,00:40-01:00,11.846250000000055
2025-02-25,01:10-01:30,55.258833333333314
2025-02-25,02:10-02:30,63.829816666666716
2025-02-25,02:50-03:50,119.16021666666654
2025-02-25,04:20-04:30,1.3052000000000135
2025-02-25,05:10-05:20,7.632266666666737
2025-02-25,05:40-06:10,53.25233333333338
2025-02-25,06:20-06:40,22.614566666666633
2025-02-25,07:00-07:30,49.53206666666654
2025-02-25,17:50-18:40,24.227333333333686
2025-02-25,19:00-19:20,83.24843333333348
2025-02-25,19:30-19:50,31.085749999999962
2025-02-25,20:50-23:00,226.56876666666608
2025-02-25,23:20-00:00+1,88.26998333333358
2025-02-26,00:10-00:50,48.35035000000016
2025-02-26,01:40-01:50,35.42139999999995
2025-02-26,02:20-02:30,16.255583333333334
2025-02-26,03:10-03:30,51.106766666666545
2025-02-26,04:00-04:10,1.136666666666656
2025-02-26,04:20-04:40,75.76756666666665
2025-02-26,05:20-06:00,48.811366666666814
2025-02-26,11:00-11:10,19.352499999999964
2025-02-26,11:40-12:20,98.28658333333328
2025-02-26,12:30-13:10,126.61369999999988
2025-02-26,14:50-15:00,9.95543333333319
2025-02-26,16:00-16:10,38.70749999999998
2025-02-26,16:30-16:40,21.90708333333322
2025-02-26,17:10-17:20,17.649966666666685
2025-02-26,17:40-18:10,62.313949999999856
2025-02-26,18:30-18:40,32.60333333333335
2025-02-26,19:00-19:20,34.88711666666675
2025-02-26,19:40-20:00,27.438433333333478
2025-02-26,23:20-23:40,53.01596666666683
2025-02-27,00:50-01:00,0.8747999999999365
2025-02-27,01:20-02:10,39.30708333333325
2025-02-27,02:30-02:40,7.915000000000077
2025-02-27,03:20-03:50,99.79668333333336
2025-02-27,04:20-04:40,20.694266666666636
2025-02-27,06:00-06:10,0.5766666666667106
2025-02-27,06:30-06:50,15.301216666666544
2025-02-27,09:00-09:30,254.16875000000027
2025-02-27,09:40-10:10,70.52106666666634
2025-02-27,14:00-15:10,262.6857500000002
2025-02-27,15:20-16:10,186.8389833333335
2025-02-27,17:40-18:40,68.98258333333342
2025-02-27,18:50-20:10,96.63591666666689
2025-02-27,20:30-21:00,38.11736666666661
2025-02-27,21:20-21:50,60.849766666666596
2025-02-27,23:40-23:50,0.7734833333333881
2025-02-28,00:20-00:40,53.055733333333194
2025-02-28,01:10-01:30,42.028216666666594
2025-02-28,01:40-02:00,38.9881666666667
2025-02-28,02:30-02:50,13.395733333333396
2025-02-28,03:10-03:30,45.448350000000005
2025-02-28,04:10-04:30,25.41373333333337
2025-02-28,04:40-05:30,119.03923333333327
2025-02-28,06:10-06:30,48.05856666666665
2025-02-28,11:20-11:40,150.57636666666622
2025-02-28,11:50-12:00,28.786066666666557
2025-02-28,13:00-13:10,132.1433333333332
2025-02-28,13:20-13:40,129.33313333333376
2025-02-28,14:00-14:20,46.5044666666663
2025-02-28,17:30-17:40,1.9520833333333734
2025-02-28,18:00-18:10,7.241666666666674
2025-02-28,18:40-19:00,68.67226666666667
2025-02-28,19:10-19:30,23.855783333333257
2025-02-28,19:50-20:50,138.3464166666668
2025-02-28,21:10-21:30,11.18259999999998
2025-02-28,21:40-22:00,64.68978333333331
2025-02-28,22:10-22:30,16.151216666666755
2025-02-28,23:20-23:40,49.14824999999985
2025-03-01,00:10-00:30,85.93166666666673
2025-03-01,00:50-01:00,0.3868666666666627
2025-03-01,01:30-01:50,25.263099999999895
2025-03-01,02:30-02:40,9.516666666666652
2025-03-01,09:00-09:10,85.72750000000008
2025-03-01,10:00-10:10,44.1412499999999
2025-03-01,10:40-11:40,344.06961666666666
2025-03-01,16:20-16:30,20.195883333333256
2025-03-01,17:00-17:10,3.5033333333332735
2025-03-01,18:20-18:50,133.00518333333338
2025-03-01,19:00-19:30,49.70398333333325
2025-03-01,20:00-20:10,1.7016666666667106
2025-03-01,20:20-20:40,40.443416666666735
2025-03-01,21:00-21:30,114.28990000000005
2025-03-01,22:00-22:10,1.615000000000009
2025-03-01,22:30-23:00,41.45628333333343
2025-03-01,23:20-23:40,33.44425000000001
2025-03-02,00:50-01:20,38.15166666666664
2025-03-02,02:40-03:00,15.37048333333314
2025-03-02,04:10-04:20,2.7967166666666117
2025-03-02,08:50-09:20,99.7523666666666
2025-03-02,10:40-11:30,283.0137000000002
2025-03-02,11:40-15:10,3185.2220999999995
2025-03-02,15:20-15:30,30.853166666666652
2025-03-02,15:50-16:20,81.80513333333312
2025-03-02,16:30-17:00,88.79128333333321
2025-03-02,17:10-17:30,17.709450000000146
2025-03-02,17:40-19:20,209.84403333333324
2025-03-02,20:50-21:20,71.01358333333326
2025-03-02,21:30-21:50,67.86024999999984
2025-03-02,22:40-23:00,40.47138333333328
2025-03-02,23:10-23:30,27.259566666666615
2025-03-02,23:40-00:10+1,38.8453333333332
2025-03-03,00:10-00:30,43.34134999999992
2025-03-03,01:40-02:10,96.86771666666664
2025-03-03,02:40-03:00,16.13503333333324
2025-03-03,03:30-03:50,29.913716666666573
2025-03-03,07:20-07:40,47.854233333333354
2025-03-03,08:00-08:10,8.448333333333096
2025-03-03,08:30-13:30,3326.9082500000004
2025-03-03,13:40-15:50,1493.680306584362
2025-03-03,16:00-16:40,198.5930166666668
2025-03-03,18:20-18:40,35.54293333333317
2025-03-03,19:00-20:00,120.91285000000008
2025-03-03,20:40-21:40,181.57545000000027
2025-03-03,22:20-23:00,59.96536666666657
2025-03-03,23:40-00:10+1,53.74540000000002
2025-03-04,00:30-00:50,50.30688333333342
2025-03-04,01:00-01:10,0.28166666666663787
2025-03-04,01:40-02:10,142.35473333333323
2025-03-04,04:00-04:20,4.93850000000009
2025-03-04,08:10-13:10,4010.0599166666675
2025-03-04,13:20-15:10,684.9762858024699
2025-03-04,15:20-16:30,204.8334833333331
2025-03-04,17:20-17:30,12.725016666666647
2025-03-04,18:40-18:50,4.845516666666649
2025-03-04,19:20-20:00,33.656950000000116
2025-03-04,20:20-21:10,89.25738333333322
2025-03-04,21:30-22:00,21.220400000000154
2025-03-04,22:30-22:40,43.35833333333335
2025-03-04,23:00-23:30,61.8592000000001
2025-03-04,23:40-00:10+1,91.73678333333339
2025-03-05,00:10-00:20,6.3013999999998305
2025-03-05,00:30-01:10,48.00131666666675
2025-03-05,02:00-02:10,10.30499999999995
2025-03-05,08:20-08:40,5.137899999999831
2025-03-05,09:20-09:30,12.332766666666657
2025-03-05,09:40-10:30,68.7252166666666
2025-03-05,12:10-12:50,146.7980833333329
2025-03-05,13:10-14:40,624.9700248971225
2025-03-05,18:40-19:00,64.05359999999996
2025-03-05,19:20-19:40,26.5074166666667
2025-03-05,20:00-21:00,101.74474999999984
2025-03-05,21:10-21:30,37.4543000000001
2025-03-05,22:10-22:30,35.176099999999906
2025-03-05,22:40-23:00,54.334816666666484
2025-03-05,23:50-00:10+1,39.89503333333346
2025-03-06,00:10-00:40,84.60453333333317
2025-03-06,02:00-02:20,40.44141666666667
2025-03-06,02:40-03:00,52.77834999999993
2025-03-06,10:40-15:30,2184.5001024691346
2025-03-06,15:40-16:30,186.72214999999983
2025-03-06,16:50-17:00,13.886000000000166
2025-03-06,17:40-18:10,58.383250000000125
2025-03-06,18:50-19:10,21.845466666666766
2025-03-06,19:40-20:00,12.5968999999999
2025-03-06,20:20-20:40,11.012166666666644
2025-03-06,20:50-21:20,61.15648333333331
2025-03-06,22:20-00:10+1,270.82311666666686
2025-03-07,00:10-00:30,53.357633333333354
2025-03-07,01:20-01:30,1.1834666666666749
2025-03-07,02:00-02:20,31.795416666666597
2025-03-07,03:00-03:10,9.839999999999975
2025-03-07,08:30-08:40,25.980000000000018
2025-03-07,09:30-09:40,67.01416666666682
2025-03-07,09:50-10:30,167.29973333333373
2025-03-07,12:40-12:50,34.53514999999993
2025-03-07,13:30-14:00,270.8317166666668
2025-03-07,14:30-15:00,159.64076666666676
2025-03-07,15:50-16:30,157.0182500000003
2025-03-07,17:10-17:20,17.955066666666625
2025-03-07,17:40-18:00,23.06084999999998
2025-03-07,18:10-18:30,42.331766666666674
2025-03-07,18:40-19:20,35.939916666666555
2025-03-07,19:40-20:00,19.93378333333333
2025-03-07,20:50-21:10,28.147483333333355
2025-03-07,21:20-22:10,58.30778333333353
2025-03-07,22:20-22:50,115.42251666666681
2025-03-07,23:30-23:50,14.429400000000157
2025-03-08,00:20-00:40,12.766983333333314
2025-03-08,01:00-01:20,17.58036666666669
2025-03-08,01:50-02:20,78.00770000000006
2025-03-08,02:40-04:00,143.2787166666667
2025-03-08,04:20-05:40,213.33693333333343
2025-03-08,07:00-07:10,7.625833333333304
2025-03-08,12:00-12:10,15.251666666666551
2025-03-08,12:40-12:50,14.979166666666742
2025-03-08,13:30-13:40,2.280833333333476
2025-03-08,13:50-14:00,15.83286666666686
2025-03-08,14:10-14:20,4.41395
2025-03-08,15:20-15:30,7.532199999999989
2025-03-08,16:40-17:00,14.406150000000082
2025-03-08,17:50-18:20,69.28049999999996
2025-03-08,18:40-19:00,19.164849999999994
2025-03-08,20:10-20:20,9.036350000000027
2025-03-08,20:40-21:00,20.171266666666668
2025-03-08,21:30-22:00,68.21484999999984
2025-03-08,22:10-22:30,45.089983333333464
2025-03-08,22:40-23:00,59.87620000000015
2025-03-08,23:50-00:10+1,4.971766666666667
2025-03-09,00:40-01:00,9.18853333333334
2025-03-09,01:30-02:30,147.15273333333334
2025-03-09,03:00-04:10,128.19495000000018
2025-03-09,04:40-05:20,75.82658333333336
2025-03-09,07:50-08:20,13.107283333333157
2025-03-09,18:30-19:00,93.60061666666682
2025-03-09,19:10-19:30,21.06244999999977
2025-03-09,20:10-20:40,65.84398333333343
2025-03-09,21:00-21:10,14.596666666666692
2025-03-09,21:50-23:00,126.5192333333332
2025-03-10,00:10-00:30,22.524083333333465
2025-03-10,00:50-01:20,140.13978333333364
2025-03-10,02:20-02:40,70.13408333333336
2025-03-10,04:20-06:00,229.12618333333336
2025-03-10,11:00-11:30,139.6820666666672
2025-03-10,12:00-13:10,637.3170833333331
2025-03-10,18:00-18:20,47.02851666666659
2025-03-10,18:30-18:50,10.415783333333502
2025-03-10,19:20-20:20,194.4300833333332
2025-03-10,21:20-21:30,17.868133333333162
2025-03-10,22:00-22:10,24.686666666666497
2025-03-10,22:30-23:40,169.48296666666738
2025-03-10,00:00+1-00:10+1,4.863333333333344
2025-03-11,00:10-00:50,35.87506666666661
2025-03-11,01:20-01:40,49.56968333333327
2025-03-11,02:20-02:40,38.324449999999956
2025-03-11,03:00-03:20,1.7399166666666588
2025-03-11,04:20-04:30,5.803116666666597
2025-03-11,05:00-05:40,81.18459999999993
2025-03-11,10:10-10:30,100.83001666666632
2025-03-11,13:00-13:30,92.2203833333333
2025-03-11,14:50-15:10,80.04853333333347
2025-03-11,15:20-15:40,76.91554999999994
2025-03-11,17:00-17:10,0.05791666666661399
2025-03-11,17:40-18:40,116.69641666666654
2025-03-11,19:20-19:40,44.457749999999805
2025-03-11,20:00-20:20,27.644483333333255
2025-03-11,21:10-21:40,56.6252333333332
2025-03-11,22:10-22:30,62.657783333333214
2025-03-11,22:40-23:00,83.02218333333371
2025-03-12,00:20-00:50,58.139833333333286
2025-03-12,01:40-02:40,170.64343333333352
2025-03-12,03:00-03:20,71.5762666666667
2025-03-12,03:40-04:00,84.33450000000005
2025-03-12,04:40-05:10,59.82189999999991
2025-03-12,05:40-06:00,17.465083333333116
2025-03-12,06:40-06:50,16.803283333333383
2025-03-12,11:00-11:10,1.1170833333335395
2025-03-12,11:30-11:40,11.262916666666797
2025-03-12,15:20-17:10,278.68599999999935
2025-03-12,17:30-17:40,14.386249999999919
2025-03-12,17:50-18:40,124.34230000000014
2025-03-12,19:00-19:10,19.296666666666738
2025-03-12,19:30-19:50,26.606183333333206
2025-03-12,20:10-20:30,20.743133333333276
2025-03-12,21:00-21:20,35.40833333333319
2025-03-12,21:50-23:40,259.0579999999993
2025-03-13,00:10-01:00,104.3218166666669
2025-03-13,01:50-02:10,31.66068333333328
2025-03-13,02:30-02:40,24.88333333333344
2025-03-13,03:00-03:20,74.63711666666666
2025-03-13,04:30-04:50,4.511333333333358
2025-03-13,05:00-05:20,9.38186666666661
2025-03-13,05:50-06:20,88.8615833333334
2025-03-13,07:30-07:40,56.480833333333294
2025-03-13,08:00-08:10,6.267083333333289
2025-03-13,09:20-09:30,5.872700000000123
2025-03-13,09:40-13:50,3491.883200000001
2025-03-13,17:00-17:30,59.830783333333244
2025-03-13,18:10-18:50,28.283316666667
2025-03-13,19:10-20:20,294.6748
2025-03-13,20:50-21:00,10.44038333333333
2025-03-13,21:30-22:40,116.85334999999964
2025-03-13,23:20-00:00+1,42.43233333333342
2025-03-14,01:00-01:10,31.148333333333312
2025-03-14,01:40-03:30,241.15450000000004
2025-03-14,04:10-04:30,39.738800000000026
2025-03-14,04:40-05:10,60.030133333333346
2025-03-14,05:30-06:20,156.05219999999989
2025-03-14,14:40-14:50,6.071183333333352
2025-03-14,15:00-15:10,54.832500000000095
2025-03-14,16:30-16:50,12.106433333333257
2025-03-14,17:30-17:40,32.56333333333335
2025-03-14,18:00-18:10,11.620000000000061
2025-03-14,18:20-18:40,39.17746666666665
2025-03-14,19:30-21:00,187.77520000000015
2025-03-14,22:40-23:20,80.06355000000008
2025-03-14,23:30-23:50,23.372699999999952
2025-03-15,00:10-01:00,115.10205000000019
2025-03-15,01:10-01:30,46.94740000000013
2025-03-15,02:20-03:00,63.23184999999995
2025-03-15,03:10-03:20,4.600216666666711
2025-03-15,04:30-04:40,13.529999999999973
2025-03-15,05:10-05:40,47.53175000000003
2025-03-15,06:00-06:20,41.984166666666646
2025-03-15,09:10-09:30,41.82778333333317
2025-03-15,10:40-11:10,367.81989999999996
2025-03-15,11:20-11:30,86.52954999999997
2025-03-15,11:50-12:40,724.0579166666671
2025-03-15,12:50-13:20,207.3193333333336
2025-03-15,14:40-14:50,24.59599999999989
2025-03-15,15:00-15:10,31.199583333333294
2025-03-15,18:10-18:50,107.5516000000001
2025-03-15,19:00-19:30,34.7741833333333
2025-03-15,20:10-21:50,255.0180166666666
2025-03-15,22:00-22:20,2.2010166666666464
2025-03-15,22:50-00:10+1,203.8351666666664
2025-03-16,00:10-00:40,74.87396666666666
2025-03-16,00:50-01:30,78.28769999999986
2025-03-16,02:30-03:00,50.80824999999993
2025-03-16,03:10-03:30,31.884083333333365
2025-03-16,03:50-04:00,0.10443333333330429
2025-03-16,04:20-04:50,33.37301666666679
2025-03-16,05:30-06:30,148.97988333333333
2025-03-16,07:20-08:00,134.87568333333348
2025-03-16,10:50-11:00,19.033616666666603
2025-03-16,12:00-14:40,1913.8581333333332
2025-03-16,15:30-15:50,74.17581666666649
2025-03-16,16:00-16:20,54.936266666666654
2025-03-16,16:40-17:10,100.42125000000021
2025-03-16,17:30-18:30,110.44629999999987
2025-03-16,19:00-19:10,1.9316666666666151
2025-03-16,19:50-20:10,32.38271666666666
2025-03-16,20:40-21:00,9.75638333333336
2025-03-16,21:30-21:50,3.748833333333323
2025-03-16,22:20-23:40,152.68291666666732
2025-03-16,23:50-00:10+1,41.25848333333329
2025-03-17,00:30-00:40,24.4616666666667
2025-03-17,01:30-01:40,1.8683333333333394
2025-03-17,02:00-02:20,35.72273333333328
2025-03-17,02:40-03:20,51.96145000000001
2025-03-17,03:50-04:20,74.84915000000018
2025-03-17,04:40-05:00,7.485600000000092
2025-03-17,05:30-05:40,9.26166666666677
2025-03-17,06:40-06:50,14.100650000000002
2025-03-17,15:50-16:50,107.03665000000018
2025-03-17,18:10-18:30,26.457966666666685
2025-03-17,18:40-19:00,13.891216666666494
2025-03-17,20:00-20:50,165.59998333333328
2025-03-17,21:00-21:20,40.54883333333339
2025-03-17,21:40-22:00,21.57693333333316
2025-03-17,23:40-00:00+1,37.002583333333405
2025-03-18,00:30-00:40,17.73166666666657
2025-03-18,01:40-01:50,6.693899999999985
2025-03-18,02:20-02:30,10.23554999999999
2025-03-18,03:20-03:40,65.24331666666671
2025-03-18,04:00-04:10,29.940000000000055
2025-03-18,04:30-05:00,94.64228333333331
2025-03-18,06:00-06:20,20.457233333333104
2025-03-18,07:50-10:10,1088.3905000000004
2025-03-18,18:20-19:30,104.69996666666698
2025-03-18,20:30-21:00,44.36095
2025-03-18,21:40-22:10,74.11580000000004
2025-03-18,22:20-22:40,24.18656666666641
2025-03-18,23:00-23:20,80.27281666666681
2025-03-18,23:30-00:10+1,133.3879000000004
2025-03-19,00:10-00:20,18.263666666666495
2025-03-19,00:50-01:40,49.887400000000184
2025-03-19,02:00-02:20,47.856633333333434
2025-03-19,02:40-03:00,25.957983333333345
2025-03-19,03:20-03:40,19.321050000000014
2025-03-19,04:10-04:30,35.20648333333331
2025-03-19,06:00-06:30,44.97623333333344
2025-03-19,07:40-08:00,32.73933333333349
2025-03-19,08:10-10:40,870.8158499999992
2025-03-19,11:50-12:00,12.916666666666742
2025-03-19,14:40-14:50,20.472400000000107
2025-03-19,18:50-19:10,45.82723333333321
2025-03-19,20:40-21:00,9.110683333333554
2025-03-19,21:30-22:00,79.22356666666678
2025-03-19,23:50-00:00+1,0.16906666666670844
2025-03-20,00:30-00:40,28.149999999999977
2025-03-20,01:00-01:50,188.72838333333323
2025-03-20,02:40-02:50,3.74378333333334
2025-03-20,03:10-04:10,146.15346666666676
2025-03-20,05:00-05:40,31.19235000000019
2025-03-20,08:10-08:50,165.18323333333353
2025-03-20,09:00-09:20,32.45715000000018
2025-03-20,15:30-16:30,211.2542666666664
2025-03-20,18:10-18:30,14.232749999999804
2025-03-20,18:50-19:20,81.20101666666665
2025-03-20,20:10-20:40,46.669950000000085
2025-03-20,21:10-22:00,94.49748333333366
2025-03-20,23:40-00:00+1,48.35194999999999
2025-03-21,00:10-01:00,85.69800000000009
2025-03-21,01:10-01:50,99.91299999999984
2025-03-21,02:20-03:00,131.82786666666652
2025-03-21,03:30-04:10,113.55986666666672
2025-03-21,04:30-04:40,28.063333333333276
2025-03-21,05:10-05:50,75.16726666666642
2025-03-21,06:40-07:00,7.677416666666716
2025-03-21,07:30-07:40,0.12375000000002956
2025-03-21,09:20-09:30,20.160699999999792
2025-03-21,10:20-10:30,24.316683333333458
2025-03-21,18:10-18:30,9.832199999999935
2025-03-21,18:50-20:10,151.13903333333346
2025-03-21,20:20-20:50,45.10546666666659
2025-03-21,21:10-22:00,82.29936666666669
2025-03-21,22:10-22:50,114.33473333333325
2025-03-21,23:00-23:10,10.0
2025-03-21,23:30-23:40,13.964999999999918
2025-03-21,00:00+1-00:10+1,16.610000000000014
2025-03-22,01:00-01:10,11.24666666666667
2025-03-22,01:40-02:00,62.39448333333337
2025-03-22,03:00-03:10,20.189999999999998
2025-03-22,03:30-03:50,37.445716666666726
2025-03-22,04:10-04:30,35.2155166666667
2025-03-22,04:40-05:20,64.39409999999992
2025-03-22,05:40-06:00,55.56441666666677
2025-03-22,08:40-08:50,13.963250000000016
2025-03-22,09:00-09:10,114.1158333333334
2025-03-22,13:30-13:40,95.36833333333357
2025-03-22,13:50-14:10,71.06003333333297
2025-03-22,15:50-16:20,69.15037407407306
2025-03-22,19:00-19:10,14.70999999999998
2025-03-22,19:50-20:10,43.91993333333335
2025-03-22,20:30-20:40,0.5799999999999841
2025-03-22,22:00-22:10,2.2533333333333303
2025-03-22,22:30-22:40,31.421666666666624
2025-03-22,23:10-23:40,57.26191666666682
2025-03-22,00:00+1-00:10+1,4.615000000000009
2025-03-23,00:40-01:00,27.50403333333327
2025-03-23,01:30-02:00,4.41443333333325
2025-03-23,02:30-03:00,56.41736666666691
2025-03-23,03:30-03:50,61.04148333333342
2025-03-23,04:10-04:30,64.96768333333338
2025-03-23,04:50-05:40,150.59051666666673
2025-03-23,06:10-06:30,3.5958833333333793
2025-03-23,09:00-10:20,805.6686833333333
2025-03-23,11:00-11:50,475.59246666666695
2025-03-23,13:00-13:10,2.9387500000000273
2025-03-23,18:40-20:10,223.00754999999995
2025-03-23,20:30-20:50,64.36889999999994
2025-03-23,21:00-21:20,35.57838333333348
2025-03-23,21:50-22:20,53.22113333333334
2025-03-24,00:10-00:30,29.30746666666664
2025-03-24,00:50-01:00,17.217216666666673
2025-03-24,01:30-01:50,8.09531666666669
2025-03-24,02:30-02:40,12.37833333333333
2025-03-24,03:00-03:50,81.00171666666665
2025-03-24,04:20-04:40,45.506500000000074
2025-03-24,05:00-05:30,103.42601666666687
2025-03-24,05:40-06:10,68.70109999999991
2025-03-24,06:20-06:40,16.277833333333106
2025-03-24,07:00-07:20,15.45246666666651
2025-03-24,07:50-08:10,73.39949999999999
2025-03-24,08:20-10:10,1141.9261999999997
2025-03-24,11:10-11:30,90.87125000000015
2025-03-24,11:40-12:40,227.5974833333339
2025-03-24,14:00-15:40,734.736649999991
2025-03-24,17:30-17:40,1.9912499999999227
2025-03-24,18:00-18:40,76.41208333333327
2025-03-24,19:00-19:30,47.2203333333332
2025-03-24,20:50-21:00,4.978966666666679
2025-03-24,21:30-21:40,39.76333333333332
2025-03-24,22:00-22:40,60.773483333333274
2025-03-24,22:50-23:20,126.67963333333341
2025-03-24,23:40-00:10+1,127.1112833333334
2025-03-25,00:10-00:30,38.199866666666594
2025-03-25,00:50-01:10,82.23495000000003
2025-03-25,01:30-02:20,81.1808166666666
2025-03-25,02:40-03:30,122.34253333333356
2025-03-25,03:40-04:20,98.59816666666677
2025-03-25,05:10-06:10,131.20503333333363
2025-03-25,06:20-07:10,126.22873333333351
2025-03-25,09:30-11:20,1019.3717833333341
2025-03-25,11:30-12:00,180.08718333333286
2025-03-25,12:20-12:40,59.07001666666633
2025-03-25,14:50-16:30,214.22798333333338
2025-03-25,16:50-17:00,7.96470000000005
2025-03-25,18:00-18:10,1.9866666666665873
2025-03-25,18:50-19:10,27.40308333333322
2025-03-25,19:30-20:40,187.62575000000027
2025-03-25,21:00-21:40,141.83908333333306
2025-03-25,22:10-22:20,2.4295666666666875
2025-03-25,22:40-23:00,80.90711666666675
2025-03-25,23:20-23:40,103.06113333333337
2025-03-26,00:20-00:50,73.07455000000016
2025-03-26,01:10-01:30,37.47491666666656
2025-03-26,01:40-02:00,50.794149999999945
2025-03-26,02:30-02:40,22.254999999999995
2025-03-26,03:10-03:30,10.065416666666579
2025-03-26,03:50-04:50,88.11878333333348
2025-03-26,05:10-06:00,109.40333333333332
2025-03-26,06:40-07:00,6.41213333333323
2025-03-26,07:50-08:00,6.991116666666699
2025-03-26,12:20-12:40,17.78783333333331
2025-03-26,13:10-14:00,186.50545000000034
2025-03-26,15:20-15:30,1.042533333333381
2025-03-26,16:10-16:20,8.608816666666598
2025-03-26,18:00-18:10,7.777083333333303
2025-03-26,18:30-18:40,6.673333333333289
2025-03-26,19:00-20:40,169.7113500000002
2025-03-26,21:10-21:30,10.03144999999995
2025-03-26,22:10-23:00,133.52885000000015
2025-03-26,23:30-00:10+1,90.47741666666627
2025-03-27,00:10-00:20,7.514949999999999
2025-03-27,00:50-01:00,20.384249999999952
2025-03-27,01:30-01:40,7.353333333333353
2025-03-27,02:10-03:10,225.25296666666668
2025-03-27,04:00-05:10,130.82695000000032
2025-03-27,05:40-06:00,19.332133333333445
2025-03-27,06:30-06:50,12.75813333333332
2025-03-27,08:00-08:20,7.440849999999955
2025-03-27,09:30-09:40,4.63666666666677
2025-03-27,10:50-11:10,111.92196666666678
2025-03-27,13:30-14:00,108.63273333333314
2025-03-27,19:50-20:10,32.70600000000002
2025-03-27,20:30-21:20,59.0695833333333
2025-03-27,21:40-22:10,76.14559999999983
2025-03-27,22:30-23:40,209.41101666666646
2025-03-27,00:00+1-00:10+1,10.404999999999973
2025-03-28,00:50-01:30,74.96738333333343
2025-03-28,01:50-02:20,62.03008333333338
2025-03-28,02:30-02:40,6.829999999999984
2025-03-28,03:10-03:30,75.1559166666666
2025-03-28,04:10-04:30,20.82621666666666
2025-03-28,04:50-05:00,4.846216666666649
2025-03-28,05:30-05:40,12.910000000000025
2025-03-28,07:10-08:00,254.32841666666633
2025-03-28,08:40-08:50,93.90994999999987
2025-03-28,09:00-09:10,28.977500000000077
2025-03-28,09:40-10:00,80.83791666666662
2025-03-28,10:40-10:50,24.384366666666892
2025-03-28,13:50-14:00,11.394300000000158
2025-03-28,16:20-16:30,8.470816666666622
2025-03-28,18:10-18:40,22.04060000000003
2025-03-28,19:20-19:40,37.73260000000005
2025-03-28,21:10-21:40,110.16061666666656
2025-03-28,22:40-23:00,22.377649999999903
2025-03-28,23:40-00:10+1,85.44098333333335
2025-03-29,00:10-00:30,39.542916666666656
2025-03-29,00:50-01:40,107.10546666666676
2025-03-29,02:00-02:40,104.67444999999992
2025-03-29,03:00-03:10,5.908333333333303
2025-03-29,03:30-04:00,21.506566666666572
2025-03-29,04:20-04:40,14.875949999999976
2025-03-29,04:50-05:10,15.605400000000014
2025-03-29,06:50-07:00,5.8283166666666375
2025-03-29,16:20-17:00,51.345833333333076
2025-03-29,18:10-18:30,34.55378333333338
2025-03-29,18:40-19:00,22.869266666666707
2025-03-29,19:20-19:40,47.71100000000001
2025-03-29,20:00-21:40,162.98909999999978
2025-03-29,22:00-23:10,72.9589833333336
2025-03-30,00:10-00:40,61.03913333333344
2025-03-30,01:40-02:30,146.89778333333345
2025-03-30,03:00-03:20,49.29790000000003
2025-03-30,03:40-04:20,100.22568333333311
2025-03-30,05:00-05:50,81.90241666666697
2025-03-30,07:10-07:30,19.864616666666734
2025-03-30,08:30-09:10,134.67074999999977
2025-03-30,11:50-12:00,28.202283333333526
2025-03-30,14:00-16:10,1012.5416248971189
2025-03-30,17:00-17:10,45.07541666666674
2025-03-30,18:10-18:50,88.24939999999992
2025-03-30,19:10-19:30,36.29706666666668
2025-03-30,20:10-20:20,12.6565333333333
2025-03-30,20:40-20:50,4.836833333333402
2025-03-30,21:20-21:50,34.26665000000003
2025-03-30,22:10-22:30,32.0793666666666
2025-03-30,22:50-23:10,6.945300000000316
2025-03-30,23:20-00:10+1,94.53989999999976
2025-03-31,00:10-01:20,170.05556666666678
2025-03-31,01:40-02:30,69.84375
2025-03-31,02:40-03:00,18.41930000000002
2025-03-31,04:10-04:20,8.888566666666748
2025-03-31,04:40-05:10,72.09524999999982
2025-03-31,05:30-06:00,33.82486666666663
2025-03-31,10:00-10:50,185.69200000000046
2025-03-31,11:20-11:50,100.35543333333317
2025-03-31,12:00-12:30,181.65040000000022
2025-03-31,12:50-14:30,1254.184716666667
2025-03-31,14:40-15:00,52.81328333333329
2025-03-31,15:40-16:00,51.170199999999795
2025-03-31,16:30-17:10,133.0611000000003
2025-03-31,18:50-19:10,3.9553666666665777
2025-03-31,19:30-20:40,131.83816666666655
2025-03-31,21:00-21:20,36.96564999999998
2025-03-31,21:30-22:10,62.42666666666662
2025-03-31,22:40-22:50,4.635150000000067
2025-03-31,23:20-23:40,50.09781666666663
2025-04-01,00:10-00:30,18.967266666666546
2025-04-01,00:40-01:00,44.24643333333347
2025-04-01,01:10-01:40,91.27451666666684
2025-04-01,02:00-03:10,179.70978333333323
2025-04-01,03:30-03:50,82.61673333333329
2025-04-01,04:20-06:00,245.76369999999997
2025-04-01,11:10-14:30,2334.125866666668
2025-04-01,14:40-15:00,39.6694833333338
2025-04-01,16:00-16:10,6.644583333333458
2025-04-01,17:10-17:20,5.94253333333333
2025-04-01,17:50-18:20,40.744816666666836
2025-04-01,19:10-19:20,19.65746666666658
2025-04-01,19:40-20:00,9.051266666666702
2025-04-01,20:10-20:30,60.405866666666725
2025-04-01,20:40-21:00,53.2888999999999
2025-04-01,21:40-22:00,87.34384999999997
2025-04-01,23:00-23:10,17.90666666666675
2025-04-01,00:00+1-00:10+1,12.358333333333348
2025-04-02,00:10-00:30,81.7813666666666
2025-04-02,00:50-01:10,20.464683333333255
2025-04-02,01:30-01:40,10.444999999999936
2025-04-02,02:10-02:30,54.13176666666675
2025-04-02,02:40-03:00,87.02848333333338
2025-04-02,03:20-04:30,90.24810000000014
2025-04-02,04:40-05:40,176.5941333333334
2025-04-02,06:00-06:10,0.4791666666666927
2025-04-02,07:10-07:40,30.264383333333285
2025-04-02,08:00-13:30,5658.991966666667
2025-04-02,14:00-14:10,13.797083333333376
2025-04-02,14:30-15:00,186.13214999999127
2025-04-02,18:10-19:00,82.72163333333319
2025-04-02,19:30-20:00,63.280466666666555
2025-04-02,20:20-21:10,120.6442833333333
2025-04-02,21:20-21:40,1.868883333333315
2025-04-02,21:50-22:10,42.3661833333332
2025-04-02,23:00-23:30,86.44231666666678
2025-04-02,23:40-00:00+1,6.800433333333444
2025-04-03,00:10-00:40,84.9323999999998
2025-04-03,00:50-01:10,22.344349999999963
2025-04-03,01:40-02:30,35.85629999999969
2025-04-03,03:10-03:30,69.97751666666659
2025-04-03,03:40-04:00,14.837733333333324
2025-04-03,04:10-04:40,32.506049999999775
2025-04-03,05:10-05:40,106.26133333333324
2025-04-03,06:00-06:10,12.82083333333339
2025-04-03,07:00-07:20,37.56599999999986
2025-04-03,07:30-08:20,155.00594999999976
2025-04-03,08:30-09:00,32.45511666666641
2025-04-03,09:10-09:30,11.233750000000214
2025-04-03,12:00-12:20,53.30006666666645
2025-04-03,12:30-12:40,6.5595833333329665
2025-04-03,14:00-14:30,138.6525999999999
2025-04-03,14:40-15:00,51.225866666666775
2025-04-03,17:50-18:00,1.4671333333333223
2025-04-03,18:20-19:40,117.34781666666667
2025-04-03,20:20-20:50,53.26701666666668
2025-04-03,21:10-21:30,11.62315000000001
2025-04-03,22:10-22:30,16.788383333333172
2025-04-03,22:50-23:00,7.049033333333455
2025-04-03,23:30-00:00+1,122.94709999999998
2025-04-04,00:20-00:40,89.95634999999999
2025-04-04,01:00-01:10,15.486666666666679
2025-04-04,01:30-01:50,35.46251666666666
2025-04-04,02:20-03:00,24.390600000000006
2025-04-04,03:40-05:30,250.66271666666657
2025-04-04,06:40-07:10,38.357500000000186
2025-04-04,11:10-11:20,17.24386666666669
2025-04-04,11:40-11:50,17.82563333333337
2025-04-04,12:00-12:10,60.524999999999864
2025-04-04,15:20-15:30,8.26086666666663
2025-04-04,18:30-19:20,83.42511666666685
2025-04-04,20:00-20:30,89.21531666666667
2025-04-04,20:50-21:10,76.21139999999997
2025-04-04,22:00-22:20,43.12029999999993
2025-04-04,22:30-22:40,8.123333333333221
2025-04-04,22:50-23:20,43.15923333333342
2025-04-05,00:30-00:50,65.91964999999993
2025-04-05,01:10-02:00,101.43713333333335
2025-04-05,02:20-02:40,48.87923333333339
2025-04-05,03:10-03:30,24.190000000000055
2025-04-05,03:40-04:20,113.62663333333339
2025-04-05,04:30-04:50,17.531216666666637
2025-04-05,05:30-06:10,37.939383333333396
2025-04-05,08:20-08:30,9.144483333333483
2025-04-05,09:10-09:20,59.93404999999996
2025-04-05,09:50-10:00,76.43786666666665
2025-04-05,10:10-10:20,120.72208333333333
2025-04-05,10:50-11:00,289.23246666666614
2025-04-05,11:10-11:20,153.49908333333315
2025-04-05,11:40-11:50,65.68888333333348
2025-04-05,12:10-12:20,15.63503333333324
2025-04-05,12:30-12:40,22.758749999999736
2025-04-05,13:00-13:10,45.34166666666647
2025-04-05,13:40-14:10,609.6150666666665
2025-04-05,14:20-14:30,138.9519833333336
2025-04-05,15:10-15:30,225.01139999999998
2025-04-05,15:50-16:00,61.72973333333164
2025-04-05,17:40-18:10,31.00121666666667
2025-04-05,18:40-19:10,1.8736333333333066
2025-04-05,19:40-20:00,78.03270000000003
2025-04-05,20:30-21:10,53.34306666666674
2025-04-05,21:40-22:20,44.44305000000003
2025-04-05,22:50-23:00,6.766849999999977
2025-04-05,23:10-00:00+1,127.30215000000004
2025-04-06,01:00-01:40,93.17863333333332
2025-04-06,02:40-03:00,63.57839999999999
2025-04-06,03:10-03:30,26.74986666666655
2025-04-06,04:30-05:10,134.5893833333334
2025-04-06,06:50-07:10,29.70659999999998
2025-04-06,07:30-08:20,170.75571666666684
2025-04-06,10:40-12:50,814.8547499999997
2025-04-06,13:20-14:10,182.56834999999978
2025-04-06,15:00-16:00,169.20446666666726
2025-04-06,17:30-17:40,11.933333333333195
2025-04-06,18:50-19:10,66.96358333333342
2025-04-06,19:30-20:40,153.65569999999974
2025-04-06,20:50-21:10,60.08131666666657
2025-04-06,21:30-22:00,69.65338333333318
2025-04-06,23:10-23:30,22.924033333333455
2025-04-06,23:40-23:50,9.177599999999984
2025-04-07,01:10-01:40,93.01838333333342
2025-04-07,02:30-04:50,352.59211666666675
2025-04-07,05:10-05:30,53.16423333333328
2025-04-07,07:10-07:20,8.464033333333305
2025-04-07,07:50-08:30,117.04298333333315
2025-04-07,09:00-09:30,76.49866666666651
2025-04-07,11:10-11:20,9.04673333333335
2025-04-07,11:50-12:10,97.52163333333351
2025-04-07,12:40-13:00,97.01089999999999
2025-04-07,18:10-19:10,77.92286666666679
2025-04-07,20:10-20:30,23.685699999999862
2025-04-07,21:10-21:30,43.75715000000014
2025-04-07,21:40-22:00,37.20086666666657
2025-04-07,22:10-23:40,219.18186666666645
2025-04-07,23:50-00:10+1,21.54576666666651
2025-04-08,00:10-00:20,8.98021666666682
2025-04-08,01:00-01:10,0.7033333333333758
2025-04-08,01:40-02:00,31.775583333333316
2025-04-08,03:20-03:30,6.110349999999926
2025-04-08,04:00-04:10,3.808333333333394
2025-04-08,04:20-04:50,35.415633333333375
2025-04-08,06:20-07:00,131.33254999999986
2025-04-08,07:10-09:20,1019.7848833333333
2025-04-08,10:30-10:40,1.354583333333494
2025-04-08,14:20-14:30,2.3438166666664983
2025-04-08,16:40-17:00,36.30088333333322
2025-04-08,17:20-17:40,14.162483333333398
2025-04-08,18:10-19:10,139.74731666666693
2025-04-08,19:50-20:10,65.7940000000001
2025-04-08,20:30-20:50,22.399599999999964
2025-04-08,21:10-21:40,83.29454999999973
2025-04-08,22:10-00:10+1,252.09424999999953
2025-04-09,00:30-00:50,31.972549999999956
2025-04-09,01:10-01:40,51.79748333333339
2025-04-09,01:50-02:10,28.842966666666825
2025-04-09,02:30-02:40,13.366666666666674
2025-04-09,03:00-03:10,27.930000000000064
2025-04-09,03:50-04:20,31.032733333333113
2025-04-09,04:30-04:50,2.192250000000058
2025-04-09,06:50-07:10,68.03526666666676
2025-04-09,11:30-12:00,106.21663333333345
2025-04-09,13:00-13:30,177.5857500000002
2025-04-09,13:40-16:40,1841.4516855967045
2025-04-09,17:10-17:20,16.338033333333385
2025-04-09,18:20-18:40,32.074516666666455
2025-04-09,19:00-19:30,63.79061666666666
2025-04-09,20:00-20:20,30.856983333333233
2025-04-09,20:50-21:10,40.323266666666655
2025-04-09,22:00-22:20,47.746849999999995
2025-04-09,22:30-23:00,147.64616666666666
2025-04-09,23:30-00:10+1,65.9957666666669
2025-04-10,00:40-01:30,63.26216666666676
2025-04-10,01:40-02:00,37.54278333333343
2025-04-10,03:00-04:00,71.2696666666667
2025-04-10,04:40-05:20,75.06309999999982
2025-04-10,07:20-07:30,6.913816666666833
2025-04-10,09:20-11:10,961.9117333333356
2025-04-10,12:50-13:50,297.99255000000016
2025-04-10,14:30-14:40,11.72333333333313
2025-04-10,15:00-15:10,17.580416666666792
2025-04-10,16:00-16:30,162.80413333333354
2025-04-10,17:00-17:30,28.98791666666628
2025-04-10,18:10-18:30,42.432466666666656
2025-04-10,18:40-18:50,10.053099999999954
2025-04-10,19:10-19:30,33.12796666666651
2025-04-10,19:50-20:20,53.987383333333355
2025-04-10,20:50-21:10,46.01253333333318
2025-04-10,21:30-22:40,162.40469999999993
2025-04-10,23:20-23:40,20.909299999999917
2025-04-10,00:00+1-00:10+1,19.95666666666665
2025-04-11,00:10-00:20,9.052483333333328
2025-04-11,00:40-00:50,10.4065333333333
2025-04-11,01:10-01:40,127.83414999999991
2025-04-11,03:00-03:40,114.61500000000001
2025-04-11,04:00-04:30,33.340649999999954
2025-04-11,05:00-05:30,66.63249999999995
2025-04-11,05:40-06:30,117.69261666666677
2025-04-11,09:30-09:40,5.8287499999999
2025-04-11,10:20-10:30,42.06434999999988
2025-04-11,10:50-11:00,49.44748333333314
2025-04-11,11:40-11:50,8.957200000000057
2025-04-11,16:40-17:00,15.039499999999862
2025-04-11,17:30-17:40,15.577083333333348
2025-04-11,18:00-18:20,35.84936666666678
2025-04-11,18:40-19:50,236.58443333333344
2025-04-11,21:20-21:40,22.428966666666668
2025-04-11,22:00-22:50,145.40358333333353
2025-04-11,23:10-00:10+1,118.18400000000008
2025-04-12,00:10-00:30,17.827283333333355
2025-04-12,00:40-01:10,60.03909999999996
2025-04-12,01:50-02:00,10.211583333333294
2025-04-12,02:40-03:00,47.04931666666664
2025-04-12,03:20-04:00,49.3896166666666
2025-04-12,05:10-05:40,45.5769666666666
2025-04-12,07:20-07:30,7.907833333333372
2025-04-12,11:50-12:00,91.31591666666668
2025-04-12,12:20-12:40,290.1648
2025-04-12,12:50-13:00,21.55490000000009
2025-04-12,13:10-13:20,31.661883333333208
2025-04-12,13:50-14:10,88.24908333333337
2025-04-12,16:40-17:00,50.59973333333329
2025-04-12,18:00-18:10,22.267083333333417
2025-04-12,18:40-18:50,0.5704499999999939
2025-04-12,20:00-20:40,61.00858333333332
2025-04-12,21:20-21:50,27.10343333333344
2025-04-12,22:40-23:20,54.54048333333344
2025-04-12,00:00+1-00:10+1,20.86500000000001
2025-04-13,00:10-01:10,115.71379999999988
2025-04-13,01:30-01:50,4.547233333333338
2025-04-13,02:20-02:50,76.95859999999982
2025-04-13,03:40-03:50,8.787483333333284
2025-04-13,05:10-05:30,60.869016666666795
2025-04-13,06:00-06:20,13.157349999999994
2025-04-13,06:30-07:20,52.441483333333025
2025-04-13,09:00-11:00,890.1562666666669
2025-04-13,11:30-12:00,126.47381666666638
2025-04-13,12:30-14:00,701.6188833333331
2025-04-13,16:10-17:30,265.5990500000006
2025-04-13,17:40-18:00,58.228983333333176
2025-04-13,18:30-18:50,42.04923333333318
2025-04-13,19:20-19:40,61.95789999999998
2025-04-13,20:10-20:20,3.0819999999999936
2025-04-13,20:40-21:30,136.84913333333338
2025-04-13,22:00-22:10,37.828333333333376
2025-04-13,22:30-23:10,82.5201833333333
2025-04-14,00:30-01:00,115.47676666666666
2025-04-14,01:20-01:50,31.911433333333434
2025-04-14,02:10-03:20,102.73636666666675
2025-04-14,03:50-04:10,19.52945000000011
2025-04-14,04:50-05:20,96.50908333333336
2025-04-14,05:50-06:20,80.91188333333349
2025-04-14,06:50-07:50,127.32808333333304
2025-04-14,08:30-11:10,1922.6943666666666
2025-04-14,11:30-11:50,159.61076666666645
2025-04-14,12:10-12:30,52.26779999999985
2025-04-14,18:40-19:00,81.41608333333336
2025-04-14,19:10-19:30,74.00386666666671
2025-04-14,19:40-20:10,56.686499999999995
2025-04-14,20:30-21:00,126.90733333333344
2025-04-14,21:20-21:50,58.06615000000011
2025-04-14,22:20-22:30,0.33293333333335795
2025-04-14,23:10-23:20,6.958649999999807
2025-04-14,23:40-00:00+1,43.2019499999999
2025-04-15,01:20-01:50,41.577350000000024
2025-04-15,02:20-02:40,34.52356666666674
2025-04-15,03:00-03:30,39.64621666666676
2025-04-15,04:00-04:10,22.098333333333358
2025-04-15,05:20-05:40,33.62583333333339
2025-04-15,11:30-11:40,18.20458333333363
2025-04-15,12:30-15:30,1468.756233333334
2025-04-15,19:10-20:00,141.38391666666666
2025-04-15,20:40-21:20,41.238750000000095
2025-04-15,21:40-22:10,103.71988333333331
2025-04-15,23:40-23:50,0.18753333333324917
2025-04-16,00:50-01:20,100.6215166666666
2025-04-16,01:40-02:50,155.4921333333332
2025-04-16,03:20-03:40,10.748383333333322
2025-04-16,03:50-04:10,29.716766666666672
2025-04-16,05:00-05:40,96.44195000000008
2025-04-16,06:00-06:10,6.304166666666561
2025-04-16,08:40-09:00,9.693983333332994
2025-04-16,09:40-10:40,324.32088333333354
2025-04-16,12:00-12:40,73.8865666666668
2025-04-16,13:40-13:50,9.01836666666668
2025-04-16,16:10-16:20,0.4598166666665975
2025-04-16,16:50-17:00,18.445116666666593
2025-04-16,18:40-19:10,96.29109999999989
2025-04-16,19:30-20:00,27.78648333333322
2025-04-16,21:10-22:00,125.62423333333334
2025-04-16,22:10-22:30,11.771716666666975
2025-04-16,22:50-23:20,80.21761666666657
2025-04-16,23:40-00:10+1,30.008099999999786
2025-04-17,00:10-00:30,15.431116666666412
2025-04-17,01:00-01:30,56.207283333333294
2025-04-17,02:20-02:40,33.12118333333342
2025-04-17,03:00-03:10,30.258333333333212
2025-04-17,03:30-03:40,5.311666666666724
2025-04-17,04:00-04:20,56.51051666666687
2025-04-17,05:40-06:00,28.252949999999995
2025-04-17,08:10-08:40,69.34121666666658
2025-04-17,10:30-12:50,1135.76815
2025-04-17,13:10-14:30,380.8884499999997
2025-04-17,14:40-14:50,14.216966666666735
2025-04-17,18:30-18:40,2.2450000000001182
2025-04-17,19:00-19:10,24.323333333333267
2025-04-17,19:30-20:50,110.0954999999998
2025-04-17,21:20-21:40,46.512516666666556
2025-04-17,22:50-23:20,95.24450000000002
2025-04-17,23:40-00:00+1,24.56478333333331
2025-04-18,00:10-00:30,29.0241166666666
2025-04-18,00:40-01:20,28.547533333333377
2025-04-18,01:50-03:10,345.69409999999993
2025-04-18,03:30-03:50,3.778900000000085
2025-04-18,04:20-05:00,19.417150000000188
2025-04-18,08:50-09:10,68.38836666666657
2025-04-18,11:10-11:20,31.419116666666923
2025-04-18,12:20-12:30,90.00591666666651
2025-04-18,13:00-13:10,47.52125000000001
2025-04-18,13:40-13:50,52.80599999999981
2025-04-18,14:50-15:10,217.0473166666668
2025-04-18,15:30-15:40,66.66291666666655
2025-04-18,16:00-16:10,42.87958333333347
2025-04-18,18:20-18:50,92.21679999999994
2025-04-18,20:10-21:10,84.62598333333327
2025-04-18,21:40-22:00,69.6486833333334
2025-04-18,23:00-23:20,22.985083333333364
2025-04-19,00:10-00:30,63.07195000000007
2025-04-19,01:00-01:10,15.481666666666683
2025-04-19,01:30-01:40,15.633333333333383
2025-04-19,02:00-02:40,167.8334666666667
2025-04-19,03:00-03:10,0.8216666666667152
2025-04-19,04:00-04:30,82.26046666666667
2025-04-19,04:50-05:10,11.94651666666664
2025-04-19,05:40-05:50,10.259650000000232
2025-04-19,06:20-06:40,67.84939999999997
2025-04-19,07:00-07:40,195.43824999999993
2025-04-19,07:50-08:00,106.97466666666674
2025-04-19,08:20-08:30,58.534750000000145
2025-04-19,09:00-09:10,77.58249999999998
2025-04-19,09:30-09:40,122.0012499999998
2025-04-19,10:20-10:30,44.62438333333307
2025-04-19,15:40-15:50,7.02130000000011
2025-04-19,18:30-18:40,18.98333333333335
2025-04-19,18:50-19:30,136.82006666666678
2025-04-19,21:00-21:10,17.176666666666677
2025-04-19,21:30-21:40,4.931666666666615
2025-04-19,22:10-22:40,113.92244999999986
2025-04-19,23:40-00:00+1,27.040433333333567
2025-04-20,00:40-01:00,30.007933333333312
2025-04-20,01:10-01:30,34.09811666666667
2025-04-20,02:10-02:30,48.447700000000054
2025-04-20,03:00-03:20,34.06034999999997
2025-04-20,03:30-04:30,154.7254333333333
2025-04-20,04:50-05:10,86.21458333333328
2025-04-20,05:30-05:50,75.01946666666656
2025-04-20,07:40-08:10,140.61950000000024
2025-04-20,08:20-09:00,303.60473333333334
2025-04-20,09:10-09:30,18.77408333333301
2025-04-20,11:10-11:20,6.925449999999955
2025-04-20,12:10-12:50,120.10426666666672
2025-04-20,14:00-15:00,632.3083000000006
2025-04-20,16:30-16:40,16.38291666666663
2025-04-20,18:20-18:40,10.496016666666616
2025-04-20,19:00-19:20,22.602133333333313
2025-04-20,19:40-20:00,16.716400000000043
2025-04-20,21:30-21:50,24.008933333333403
2025-04-20,22:10-22:30,45.37498333333349
2025-04-20,23:10-23:40,77.30409999999961
2025-04-20,23:50-00:10+1,66.1642333333333
2025-04-21,00:10-00:40,48.22649999999976
2025-04-21,01:00-01:10,26.604999999999905
2025-04-21,01:30-01:50,34.926299999999856
2025-04-21,02:40-02:50,8.617916666666588
2025-04-21,03:10-03:50,118.77909999999989
2025-04-21,04:10-05:00,53.02908333333324
2025-04-21,05:10-05:50,85.01371666666653
2025-04-21,06:20-06:40,34.45038333333335
2025-04-21,08:10-08:30,87.17379999999991
2025-04-21,09:40-09:50,8.198766666666643
2025-04-21,10:10-10:30,91.99140000000011
2025-04-21,11:20-11:40,112.68395000000032
2025-04-21,15:40-16:00,116.37255000000005
2025-04-21,16:20-16:50,81.98521666666636
2025-04-21,18:00-18:30,40.732616666666615
2025-04-21,19:00-19:20,18.61973333333333
2025-04-21,20:10-21:40,173.5832499999998
2025-04-21,22:00-22:20,29.46010000000001
2025-04-21,22:40-23:10,156.0820333333329
2025-04-22,00:30-01:20,129.97113333333346
2025-04-22,01:40-02:30,81.47891666666658
2025-04-22,02:40-03:10,60.206800000000044
2025-04-22,03:30-04:00,127.54379999999995
2025-04-22,04:10-04:40,102.07071666666673
2025-04-22,05:00-05:30,110.30314999999996
2025-04-22,07:00-07:50,65.35605000000032
2025-04-22,08:10-08:30,21.043133333333344
2025-04-22,08:40-11:20,1541.8368666666663
2025-04-22,11:30-13:00,1431.4752333333333
2025-04-22,14:20-15:00,161.4902499999979
2025-04-22,15:20-15:40,57.003083333333166
2025-04-22,16:40-16:50,22.60913333333326
2025-04-22,18:30-18:50,47.46738333333349
2025-04-22,19:00-19:10,1.5799999999999272
2025-04-22,20:10-20:30,38.47013333333338
2025-04-22,21:20-21:50,110.03735000000006
2025-04-22,22:10-22:50,110.51118333333307
2025-04-22,23:10-23:40,82.37286666666705
2025-04-22,23:50-00:10+1,94.7850166666667
2025-04-23,00:10-00:50,129.67966666666655
2025-04-23,01:00-01:20,38.622883333333334
2025-04-23,02:10-02:30,38.24725000000001
2025-04-23,03:00-03:50,69.68500000000006
2025-04-23,04:20-04:40,48.99828333333335
2025-04-23,05:10-06:00,99.82561666666638
2025-04-23,07:30-07:40,12.409583333333444
2025-04-23,08:00-08:10,3.4275000000002365
2025-04-23,11:30-11:50,46.36535000000026
2025-04-23,12:50-13:40,172.6029000000001
2025-04-23,14:10-14:40,75.50611666666668
2025-04-23,18:30-18:50,42.33011666666671
2025-04-23,20:00-20:30,112.49096666666675
2025-04-23,21:20-22:10,65.05378333333351
2025-04-23,23:10-23:30,10.287499999999909
2025-04-23,00:00+1-00:10+1,5.873333333333335
2025-04-24,00:10-00:20,25.414266666666663
2025-04-24,00:40-01:00,36.24935000000005
2025-04-24,01:20-01:30,17.938833333333378
2025-04-24,01:50-03:00,98.37996666666663
2025-04-24,03:20-03:50,25.98449999999988
2025-04-24,04:10-04:30,21.6184333333333
2025-04-24,05:30-05:40,16.76999999999996
2025-04-24,06:20-06:40,26.02624999999992
2025-04-24,09:50-10:20,171.74604999999974
2025-04-24,11:20-12:10,212.09596666666653
2025-04-24,12:20-12:40,55.98486666666645
2025-04-24,17:50-18:00,3.5110499999999547
2025-04-24,18:30-19:10,79.95390000000016
2025-04-24,19:40-19:50,15.739833333333422
2025-04-24,20:30-20:50,15.313216666666563
2025-04-24,21:10-22:00,110.42981666666662
2025-04-24,22:20-22:50,43.01271666666639
2025-04-24,23:20-23:40,31.348133333333294
2025-04-24,23:50-00:10+1,29.581216666666705
2025-04-25,00:40-01:00,60.48531666666662
2025-04-25,01:30-01:50,39.59461666666681
2025-04-25,04:10-04:30,35.46200000000002
2025-04-25,05:00-05:10,11.710000000000036
2025-04-25,05:30-05:40,10.965833333333354
2025-04-25,07:30-07:50,21.393566666666743
2025-04-25,08:10-08:20,2.622866666666823
2025-04-25,09:40-09:50,19.336083333333363
2025-04-25,13:00-13:10,57.14916666666659
2025-04-25,13:40-14:00,82.19016666666698
2025-04-25,14:10-14:20,76.90086666666662
2025-04-25,17:40-18:00,12.912683333333405
2025-04-25,18:40-19:10,34.48701666666666
2025-04-25,19:20-19:40,33.69204999999988
2025-04-25,20:00-20:40,102.15741666666673
2025-04-25,21:00-21:50,84.54175000000004
2025-04-25,22:10-22:30,39.84068333333329
2025-04-25,22:40-23:10,100.94583333333327
2025-04-25,23:30-00:00+1,127.69044999999994
2025-04-26,00:30-02:10,212.45184999999998
2025-04-26,02:40-03:10,59.500266666666676
2025-04-26,03:20-03:40,24.43861666666669
2025-04-26,04:30-04:40,65.78666666666669
2025-04-26,05:00-05:30,59.61800000000006
2025-04-26,06:00-06:20,43.070066666666634
2025-04-26,13:30-13:40,115.08916666666642
2025-04-26,14:10-14:20,90.33196666666686
2025-04-26,15:20-15:30,19.143116666666742
2025-04-26,16:30-17:30,194.38485000000003
2025-04-26,18:30-19:10,114.53094999999986
2025-04-26,19:30-20:40,82.00551666666664
2025-04-26,20:50-21:20,56.42393333333342
2025-04-26,21:40-22:10,47.22883333333334
2025-04-26,22:30-00:00+1,205.7209666666667
2025-04-27,00:20-01:20,148.32696666666675
2025-04-27,02:40-03:00,15.231616666666696
2025-04-27,03:30-04:10,92.82611666666674
2025-04-27,04:30-04:40,12.174999999999955
2025-04-27,07:00-07:40,65.43595000000028
2025-04-27,08:10-08:30,45.3925499999998
2025-04-27,10:40-11:00,43.981933333333245
2025-04-27,13:10-13:20,10.377033333333202
2025-04-27,13:40-14:00,50.05246666666653
2025-04-27,14:50-15:50,377.23761666666667
2025-04-27,16:10-16:30,28.502050000000054
2025-04-27,16:50-17:20,75.47548333333333
2025-04-27,17:30-17:40,25.039166666666716
2025-04-27,18:10-18:20,18.206516666666772
2025-04-27,18:40-19:00,46.376283333333355
2025-04-27,19:30-20:40,141.0377833333332
2025-04-27,21:10-21:30,68.1292666666667
2025-04-27,21:40-22:00,17.669016666666607
2025-04-27,22:20-22:40,22.12004999999988
2025-04-27,23:00-23:30,49.28406666666717
2025-04-27,00:00+1-00:10+1,13.19166666666672
2025-04-28,00:10-01:30,86.98533333333341
2025-04-28,01:50-02:20,143.46591666666689
2025-04-28,02:30-02:40,2.158333333333303
2025-04-28,03:00-03:10,24.889999999999986
2025-04-28,03:30-03:40,0.5199999999999818
2025-04-28,04:00-04:10,22.934999999999945
2025-04-28,04:30-04:40,21.043333333333294
2025-04-28,06:00-06:10,9.710416666666802
2025-04-28,07:00-07:10,4.789583333333326
2025-04-28,07:30-07:40,18.380416666666747
2025-04-28,07:50-08:10,35.81319999999994
2025-04-28,08:20-16:30,8727.229983333333
2025-04-28,16:40-18:00,203.82453333333268
2025-04-28,18:30-18:50,34.60536666666653
2025-04-28,19:00-19:20,6.0601833333333675
2025-04-28,19:40-20:00,33.799849999999914
2025-04-28,20:50-21:10,74.89850000000013
2025-04-28,21:40-22:30,55.27121666666653
2025-04-28,23:30-23:40,30.00500000000011
2025-04-28,00:00+1-00:10+1,28.681666666666615
2025-04-29,00:10-00:20,8.49118333333331
2025-04-29,00:30-00:40,4.908333333333417
2025-04-29,01:10-01:40,17.63008333333312
2025-04-29,02:40-03:00,9.10895000000005
2025-04-29,04:00-04:20,25.716900000000123
2025-04-29,04:40-05:00,36.743849999999966
2025-04-29,08:40-08:50,2.3255666666666457
2025-04-29,11:20-11:40,65.78876666666633
2025-04-29,15:00-15:20,14.719766666665578
2025-04-29,15:40-17:30,841.4700666666662
2025-04-29,18:10-18:20,15.672449999999927
2025-04-29,18:40-19:00,18.38010000000017
2025-04-29,19:20-19:40,50.67518333333328
2025-04-29,20:00-20:50,143.06918333333337
2025-04-29,22:30-23:10,10.969966666666323
2025-04-29,23:40-23:50,24.006816666666737
2025-04-30,01:20-01:50,58.41768333333334
2025-04-30,02:20-03:00,163.1016833333333
2025-04-30,03:50-04:10,23.593333333333383
2025-04-30,04:40-05:00,27.760433333333413
2025-04-30,06:10-06:20,1.8945833333333724
2025-04-30,06:50-07:20,34.53856666666661
2025-04-30,10:10-11:30,969.8145500000005
2025-04-30,12:20-12:30,13.976450000000114
2025-04-30,12:40-13:10,127.26796666666678
2025-04-30,15:40-16:00,38.19466666666665
2025-04-30,19:10-20:00,134.14848333333336
2025-04-30,20:20-21:30,151.79279999999972
2025-04-30,22:10-22:40,72.38298333333319
2025-04-30,23:30-00:10+1,129.6360500000004
2025-05-01,00:10-00:50,73.13884999999993
2025-05-01,01:00-01:10,11.699999999999932
2025-05-01,01:40-01:50,1.0644666666667035
2025-05-01,02:20-02:50,25.33663333333334
2025-05-01,03:10-03:40,60.352649999999926
2025-05-01,03:50-04:20,91.69728333333326
2025-05-01,04:30-05:00,107.60596666666648
2025-05-01,05:10-05:30,44.65100000000002
2025-05-01,06:40-09:50,1038.1725166666663
2025-05-01,13:00-00:10+1,4881.46518333333
2025-05-02,00:10-00:40,65.80033333333341
2025-05-02,01:10-02:30,89.65153333333308
2025-05-02,02:50-03:10,47.39964999999995
2025-05-02,03:40-04:10,57.000599999999984
2025-05-02,04:30-05:30,149.8199833333332
2025-05-02,06:00-06:40,124.65011666666673
2025-05-02,06:50-07:40,340.44585
2025-05-02,08:20-08:30,53.051033333333294
2025-05-02,09:20-09:30,8.621849999999768
2025-05-02,09:40-09:50,41.79224999999997
2025-05-02,10:00-10:10,91.80624999999986
2025-05-02,10:20-10:30,124.37858333333338
2025-05-02,10:40-10:50,207.43005000000016
2025-05-02,11:20-11:30,76.37563333333333
2025-05-02,11:40-11:50,199.82231666666644
2025-05-02,12:40-12:50,237.1402333333333
2025-05-02,13:00-13:10,149.00041666666652
2025-05-02,13:20-13:30,172.4582499999999
2025-05-02,14:10-14:20,160.1054999999999
2025-05-02,14:40-14:50,329.8574500000002
2025-05-02,15:00-15:10,258.4245833333331
2025-05-02,15:20-15:30,332.16493333333335
2025-05-02,15:50-18:50,2103.6606666666667
2025-05-02,19:00-22:50,1478.1921833333333
2025-05-02,23:00-00:10+1,267.4906166666666
2025-05-03,00:10-00:20,18.814750000000004
2025-05-03,00:40-00:50,10.26503333333335
2025-05-03,01:20-02:20,172.08224999999993
2025-05-03,03:40-04:30,127.75681666666654
2025-05-03,04:40-05:10,27.490800000000025
2025-05-03,05:30-05:50,25.38440000000001
2025-05-03,06:30-07:30,263.3324000000001
2025-05-03,07:40-07:50,138.48023333333333
2025-05-03,08:20-08:30,22.364099999999894
2025-05-03,09:40-09:50,150.39740000000006
2025-05-03,10:00-10:10,133.5574999999999
2025-05-03,11:20-11:30,37.78724999999986
2025-05-03,11:40-11:50,109.0029333333332
2025-05-03,12:00-12:10,153.95208333333312
2025-05-03,12:20-12:30,120.40604999999982
2025-05-03,13:20-13:40,110.80345000000034
2025-05-03,13:50-14:00,130.3620500000004
2025-05-03,14:50-15:10,89.51295000000016
2025-05-03,15:30-15:50,77.02431666666666
2025-05-03,16:20-16:40,143.90436666666653
2025-05-03,17:00-17:50,137.2405333333333
2025-05-03,18:00-22:50,1841.14755
2025-05-03,23:00-00:10+1,210.0456666666666
2025-05-04,00:10-00:40,82.07701666666674
2025-05-04,00:50-02:20,234.92766666666648
2025-05-04,02:50-03:30,98.5233166666668
2025-05-04,04:10-04:30,59.57648333333333
2025-05-04,04:40-05:00,7.357800000000033
2025-05-04,05:10-05:30,63.01239999999982
2025-05-04,05:40-05:50,25.445283333333336
2025-05-04,06:50-07:00,8.274699999999996
2025-05-04,10:10-10:40,271.4783166666666
2025-05-04,11:00-13:30,3270.8443333333344
2025-05-04,13:40-13:50,44.163749999999936
2025-05-04,16:00-16:10,19.641250000000127
2025-05-04,17:40-00:00+1,2352.455316666667
2025-05-05,00:10-00:40,139.992616666667
2025-05-05,01:00-01:10,14.05499999999995
2025-05-05,01:30-01:50,21.643133333333367
2025-05-05,02:10-02:30,139.8202666666666
2025-05-05,03:40-04:10,46.53674999999993
2025-05-05,04:50-05:50,167.78508333333343
2025-05-05,06:10-08:30,1152.1606666666667
2025-05-05,12:50-13:30,225.09931666666716
2025-05-05,13:40-13:50,35.27211666666676
2025-05-05,16:30-18:00,618.3448333333336
2025-05-05,18:10-00:10+1,2096.5471333333326
2025-05-06,00:10-01:40,218.60086666666666
2025-05-06,02:00-02:50,91.63606666666647
2025-05-06,03:10-03:50,100.28334999999993
2025-05-06,04:10-05:30,229.3545000000001
2025-05-06,06:10-11:20,3652.5529500000002
2025-05-06,13:10-13:20,58.143233333333455
2025-05-06,14:00-14:40,162.79105000000027
2025-05-06,16:50-00:10+1,2755.7115
2025-05-07,00:30-01:20,244.3878166666666
2025-05-07,01:50-02:10,34.08889999999997
2025-05-07,03:00-03:50,105.18363333333332
2025-05-07,04:10-04:30,82.04441666666662
2025-05-07,04:50-05:40,117.41078333333334
2025-05-07,06:30-10:20,2290.7643999999996
2025-05-07,13:10-23:40,5767.265333333338
2025-05-08,00:20-00:40,87.99471666666693
2025-05-08,01:00-01:40,74.80068333333338
2025-05-08,02:40-03:20,65.89218333333326
2025-05-08,05:00-06:00,186.56355000000013
2025-05-08,07:30-07:40,7.428333333333171
2025-05-08,09:00-13:00,4027.7338500000005
2025-05-08,13:10-14:20,1020.7776999999994
2025-05-08,14:30-16:00,1023.8933333333314
2025-05-08,17:50-18:00,21.49449999999993
2025-05-08,18:50-19:10,53.667133333333254
2025-05-08,19:30-19:40,20.023333333333426
2025-05-08,20:00-20:30,277.2227999999997
2025-05-08,21:20-22:10,179.31033333333323
2025-05-08,22:30-22:50,22.52045000000021
2025-05-08,23:50-00:10+1,63.045366666666666
2025-05-09,00:10-00:20,13.363066666666612
2025-05-09,00:40-01:30,229.55478333333326
2025-05-09,01:50-02:10,21.427483333333385
2025-05-09,02:30-03:30,137.3096833333334
2025-05-09,04:00-04:20,23.936283333333392
2025-05-09,07:20-07:40,52.93729999999999
2025-05-09,09:20-09:30,77.76233333333346
2025-05-09,11:00-11:10,30.495416666666642
2025-05-09,16:00-16:10,19.178749999999923
2025-05-09,18:50-19:10,27.068283333333227
2025-05-09,19:20-19:40,61.894999999999925
2025-05-09,20:00-20:30,110.89513333333335
2025-05-09,20:40-21:00,26.252100000000034
2025-05-09,21:20-21:50,108.75928333333331
2025-05-09,23:20-23:30,0.954366666666715
2025-05-10,00:50-01:10,13.004733333333263
2025-05-10,02:00-02:10,7.085000000000036
2025-05-10,02:30-03:40,171.00108333333327
2025-05-10,04:10-04:30,44.04768333333342
2025-05-10,04:50-05:00,9.596983333333302
2025-05-10,05:20-05:40,20.03051666666653
2025-05-10,06:30-07:10,26.426516666666657
2025-05-10,07:30-08:10,353.6732833333334
2025-05-10,08:30-09:10,579.8584166666667
2025-05-10,09:20-09:40,330.89616666666643
2025-05-10,09:50-10:00,64.53418333333343
2025-05-10,10:10-10:20,147.2370166666667
2025-05-10,11:00-11:20,302.95525
2025-05-10,13:10-13:20,125.66576666666674
2025-05-10,14:10-14:40,47.98460000000023
2025-05-10,15:40-16:00,33.88635000000022
2025-05-10,16:20-16:30,7.785650000000032
2025-05-10,16:40-17:00,113.09613333333328
2025-05-10,18:00-18:20,38.29488333333333
2025-05-10,18:40-19:00,78.57436666666678
2025-05-10,19:30-19:50,52.01738333333324
2025-05-10,20:20-20:30,1.7387833333333447
2025-05-10,20:40-21:10,141.06401666666673
2025-05-10,21:30-21:40,5.773333333333426
2025-05-10,22:00-23:40,271.67848333333274
2025-05-11,01:00-01:10,21.401666666666642
2025-05-11,01:30-01:50,64.73913333333337
2025-05-11,02:00-03:00,192.35776666666675
2025-05-11,03:30-04:10,95.5764333333332
2025-05-11,04:30-05:20,137.27418333333355
2025-05-11,06:10-06:20,2.4772500000001685
2025-05-11,06:40-06:50,2.59848333333332
2025-05-11,07:10-11:40,2958.211483333334
2025-05-11,12:00-12:20,86.11979999999971
2025-05-11,13:40-16:00,1941.265116666665
2025-05-11,17:10-17:30,23.760049999999865
2025-05-11,17:40-18:00,8.176083333333338
2025-05-11,18:20-19:00,134.56376666666648
2025-05-11,19:20-19:40,161.65351666666652
2025-05-11,20:00-20:50,88.64049999999979
2025-05-11,22:30-22:40,48.65000000000009
2025-05-11,23:00-00:10+1,188.4369333333335
2025-05-12,00:40-02:10,246.14790000000016
2025-05-12,02:30-03:30,210.03791666666663
2025-05-12,04:10-04:50,71.57110000000009
2025-05-12,06:00-06:10,4.80958333333345
2025-05-12,10:50-13:10,1981.695316666666
2025-05-12,14:40-15:00,39.40898333333325
2025-05-12,15:20-15:30,5.577216666666573
2025-05-12,15:40-16:30,185.9629666666665
2025-05-12,17:00-17:30,37.6512000000003
2025-05-12,18:00-18:10,43.52208333333331
2025-05-12,18:30-18:40,24.403333333333357
2025-05-12,19:10-19:50,151.33263333333326
2025-05-12,20:30-21:10,70.64551666666677
2025-05-12,21:40-22:10,52.58720000000005
2025-05-12,22:30-22:40,6.861666666666679
2025-05-12,23:00-23:20,36.17615000000069
2025-05-13,01:00-01:20,23.79166666666663
2025-05-13,01:50-02:10,28.903800000000047
2025-05-13,02:50-03:10,12.762000000000057
2025-05-13,05:00-05:10,9.010000000000105
2025-05-13,06:00-06:10,29.162083333333385
2025-05-13,07:10-07:20,7.2387333333332435
2025-05-13,08:50-09:20,63.48213333333308
2025-05-13,10:20-14:10,2999.414366666667
2025-05-13,14:30-15:40,190.69854999999131
2025-05-13,16:00-16:40,183.09813333333364
2025-05-13,19:00-19:20,85.96893333333333
2025-05-13,19:40-20:10,87.07936666666671
2025-05-13,20:20-20:40,65.9278833333334
2025-05-13,21:00-21:30,74.42955000000029
2025-05-13,23:10-23:50,53.33428333333336
2025-05-14,02:00-02:30,23.871216666666783
2025-05-14,03:20-04:20,171.6883666666666
2025-05-14,04:40-05:10,63.88038333333343
2025-05-14,06:00-06:10,3.4745833333332428
2025-05-14,06:20-06:40,22.701250000000016
2025-05-14,10:10-13:00,1285.2907166666662
2025-05-14,13:10-14:20,439.22283333333326
2025-05-14,18:30-19:20,66.70675000000027
2025-05-14,19:50-20:10,47.39015000000006
2025-05-14,21:40-22:00,34.13401666666664
2025-05-14,22:40-23:00,53.92888333333303
2025-05-14,23:20-23:30,13.267883333333202
2025-05-14,23:40-00:00+1,72.40281666666681
2025-05-15,01:50-02:20,98.30923333333328
2025-05-15,02:40-03:10,53.40101666666658
2025-05-15,03:30-03:50,10.39513333333332
2025-05-15,04:00-04:10,1.7133333333333667
2025-05-15,04:20-05:00,143.10793333333345
2025-05-15,06:00-06:10,8.337083333333197
2025-05-15,06:30-06:40,15.606249999999932
2025-05-15,07:00-08:10,403.09230000000014
2025-05-15,10:20-10:40,67.12976666666668
2025-05-15,16:00-17:10,604.349183333333
2025-05-15,17:20-17:50,193.1070666666666
2025-05-15,18:30-18:40,2.4179166666666774
2025-05-15,18:50-19:10,32.90423333333338
2025-05-15,21:00-21:40,133.7809666666666
2025-05-15,22:10-22:40,83.38601666666648
2025-05-15,23:20-23:40,48.72109999999998
2025-05-16,00:20-00:50,76.19673333333344
2025-05-16,01:30-01:50,45.193299999999965
2025-05-16,02:10-02:30,47.01386666666667
2025-05-16,03:20-03:30,2.8203666666665868
2025-05-16,03:50-04:10,4.649999999999977
2025-05-16,04:40-05:30,124.49163333333325
2025-05-16,13:00-13:10,68.16791666666654
2025-05-16,13:40-13:50,60.203333333333376
2025-05-16,14:00-14:10,27.147500000000264
2025-05-16,18:20-19:10,78.7726666666668
2025-05-16,19:40-19:50,14.777233333333298
2025-05-16,20:20-20:40,64.0231500000001
2025-05-16,21:10-22:10,237.55855000000008
2025-05-16,22:20-00:10+1,475.55178333333345
2025-05-17,00:10-00:40,98.22018333333335
2025-05-17,01:10-02:00,90.5565666666667
2025-05-17,02:10-02:30,77.58701666666667
2025-05-17,02:50-03:00,17.958216666666658
2025-05-17,03:30-04:10,176.61464999999993
2025-05-17,04:20-04:50,34.90193333333339
2025-05-17,05:00-05:30,56.16546666666669
2025-05-17,11:40-11:50,262.1873333333331
2025-05-17,12:20-12:30,45.57515000000012
2025-05-17,14:10-14:20,101.16199999999981
2025-05-17,14:50-15:20,433.64411666666683
2025-05-17,16:50-17:50,182.6153166666667
2025-05-17,18:20-19:00,68.91464999999982
2025-05-17,19:20-20:00,126.01300000000009
2025-05-17,20:20-20:50,127.52724999999987
2025-05-17,22:00-22:20,23.739100000000008
2025-05-17,22:40-23:10,77.39608333333331
2025-05-17,23:40-00:10+1,122.3747333333335
2025-05-18,00:10-01:00,96.07915000000025
2025-05-18,01:40-02:00,54.249083333333374
2025-05-18,02:20-02:40,48.785933333333446
2025-05-18,03:00-03:20,81.84568333333323
2025-05-18,03:40-04:40,127.22186666666666
2025-05-18,05:00-05:10,10.406666666666638
2025-05-18,05:30-06:10,57.28674999999987
2025-05-18,06:30-06:40,11.449166666666429
2025-05-18,07:00-07:20,34.115383333333455
2025-05-18,07:40-09:00,459.796733333333
2025-05-18,11:40-13:40,1684.7859666666673
2025-05-18,17:00-17:10,14.093749999999943
2025-05-18,18:00-18:10,2.0608333333331927
2025-05-18,19:50-20:00,33.503983333333395
2025-05-18,20:30-20:50,43.10258333333354
2025-05-18,21:10-22:00,105.93421666666677
2025-05-18,22:10-22:30,118.48086666666666
2025-05-18,22:40-23:00,6.92009999999982
2025-05-18,23:10-23:30,29.99073333333331
2025-05-19,00:10-00:50,41.59705000000008
2025-05-19,02:00-02:30,41.94889999999987
2025-05-19,03:20-04:00,55.058783333333366
2025-05-19,04:40-04:50,4.4531833333333175
2025-05-19,05:30-06:00,36.15615000000002
2025-05-19,06:20-06:40,36.329150000000084
2025-05-19,06:50-08:50,873.3359833333332
2025-05-19,09:10-09:40,184.41153333333318
2025-05-19,09:50-11:00,683.3050333333329
2025-05-19,14:00-14:10,13.316666666666606
2025-05-19,16:00-16:10,11.711666666666702
2025-05-19,18:00-18:20,15.30668333333307
2025-05-19,18:50-19:10,33.43214999999992
2025-05-19,19:50-20:10,47.06369999999993
2025-05-19,20:20-20:50,260.72951666666654
2025-05-19,21:20-21:50,171.60813333333317
2025-05-19,22:10-22:30,26.50529999999992
2025-05-19,22:40-22:50,29.442833333333283
2025-05-19,23:20-00:10+1,150.6919833333335
2025-05-20,00:10-00:50,107.85656666666648
2025-05-20,01:20-01:40,10.271733333333259
2025-05-20,02:20-02:40,41.82683333333341
2025-05-20,02:50-03:20,29.814166666666665
2025-05-20,03:30-04:10,68.13503333333325
2025-05-20,05:10-05:20,0.6603166666666427
2025-05-20,05:40-05:50,7.730916666666758
2025-05-20,06:30-07:10,49.80783333333329
2025-05-20,07:30-07:50,61.60665000000017
2025-05-20,11:00-11:20,71.27040000000011
2025-05-20,11:30-11:50,54.399566666666715
2025-05-20,12:10-14:30,2153.526983333333
2025-05-20,14:40-16:00,575.594116666662
2025-05-20,18:10-18:30,96.86493333333318
2025-05-20,18:40-19:10,115.85620000000003
2025-05-20,19:30-19:50,66.6024000000001
2025-05-20,20:10-20:30,85.80996666666672
2025-05-20,20:40-21:00,42.06781666666666
2025-05-20,21:30-22:30,276.04385000000013
2025-05-20,22:40-23:10,56.00434999999993
2025-05-20,23:30-00:10+1,119.71466666666674
2025-05-21,00:10-00:30,29.26723333333325
2025-05-21,00:40-01:00,60.91964999999993
2025-05-21,01:20-01:30,13.738299999999981
2025-05-21,02:00-02:10,6.2450000000000045
2025-05-21,02:40-03:20,139.4824166666666
2025-05-21,04:40-05:00,12.720850000000056
2025-05-21,08:40-09:30,202.30476666666652
2025-05-21,09:40-11:00,623.2229833333336
2025-05-21,14:40-17:10,1489.2564166666614
2025-05-21,18:00-18:10,3.941249999999968
2025-05-21,18:30-18:40,40.02083333333332
2025-05-21,19:30-20:00,157.73496666666662
2025-05-21,20:50-21:20,132.6782166666668
2025-05-21,21:40-22:00,33.03929999999991
2025-05-21,22:20-22:40,43.201833333333184
2025-05-21,23:00-23:10,37.73500000000013
2025-05-21,23:30-00:10+1,147.8112500000001
2025-05-22,00:10-00:20,3.6849999999999454
2025-05-22,00:50-01:50,91.69184999999982
2025-05-22,02:20-02:30,24.780566666666687
2025-05-22,03:10-03:30,18.238283333333356
2025-05-22,03:50-04:30,82.91201666666676
2025-05-22,05:40-06:00,63.11911666666643
2025-05-22,08:10-08:30,29.278499999999894
2025-05-22,08:50-09:10,141.0210333333332
2025-05-22,10:00-10:30,206.9089333333336
2025-05-22,11:10-12:30,761.8544666666667
2025-05-22,14:10-14:20,22.380383333333384
2025-05-22,17:00-17:10,12.312083333333419
2025-05-22,18:00-18:40,209.4930833333334
2025-05-22,19:20-20:10,141.54221666666675
2025-05-22,20:30-21:00,127.50803333333317
2025-05-22,22:30-23:20,113.80569999999989
2025-05-23,00:50-01:30,98.66248333333334
2025-05-23,02:00-02:10,16.764999999999986
2025-05-23,02:20-03:50,257.63426666666646
2025-05-23,04:10-04:40,56.555500000000116
2025-05-23,05:40-06:00,29.32769999999995
2025-05-23,06:20-07:10,110.40221666666662
2025-05-23,09:00-09:10,16.042500000000018
2025-05-23,09:50-10:00,75.61733333333336
2025-05-23,10:30-10:50,57.504799999999705
2025-05-23,11:00-11:20,153.12248333333287
2025-05-23,11:30-11:40,73.00500000000011
2025-05-23,12:50-13:30,447.2391666666665
2025-05-23,14:10-14:20,3.6783833333336133
2025-05-23,16:00-16:20,244.45539999999824
2025-05-23,16:30-17:30,96.34651666666673
2025-05-23,17:50-18:20,88.51535000000001
2025-05-23,18:40-19:00,22.128449999999937
2025-05-23,19:10-19:30,80.94601666666668
2025-05-23,19:50-20:10,106.69215000000005
2025-05-23,20:40-21:10,122.49745000000001
2025-05-23,22:10-22:30,87.90934999999979
2025-05-23,22:50-23:00,20.540633333333346
2025-05-24,00:10-00:20,4.7178499999999985
2025-05-24,00:30-01:20,134.11684999999994
2025-05-24,01:50-03:00,132.27964999999983
2025-05-24,03:10-03:20,16.169783333333328
2025-05-24,04:00-04:20,46.52128333333331
2025-05-24,04:40-05:00,49.84550000000003
2025-05-24,06:10-06:30,36.81761666666665
2025-05-24,06:50-07:00,18.95640000000003
2025-05-24,07:40-08:00,68.95990000000006
2025-05-24,08:20-08:30,69.86439999999993
2025-05-24,08:40-09:10,229.5033666666667
2025-05-24,18:00-18:10,16.169583333333378
2025-05-24,19:00-19:30,124.8176
2025-05-24,20:50-22:00,171.46703333333318
2025-05-24,22:30-22:40,13.438333333333276
2025-05-24,23:10-00:00+1,68.61279999999988
2025-05-25,00:20-00:30,22.034749999999804
2025-05-25,01:10-01:30,58.252599999999916
2025-05-25,02:00-02:10,0.27499999999997726
2025-05-25,02:40-03:00,23.20416666666665
2025-05-25,03:20-03:30,2.0520500000000084
2025-05-25,04:10-04:20,14.420900000000067
2025-05-25,04:40-05:00,14.481600000000075
2025-05-25,06:10-06:20,29.074333333333385
2025-05-25,06:40-07:00,34.49450000000007
2025-05-25,08:50-09:10,78.99824999999998
2025-05-25,09:30-10:20,172.33348333333265
2025-05-25,14:00-14:10,3.123333333333221
2025-05-25,15:20-15:30,15.24256666666679
2025-05-25,15:50-17:10,592.9421000000004
2025-05-25,17:30-17:50,31.901516666666453
2025-05-25,18:30-18:40,9.238333333333273
2025-05-25,18:50-19:10,51.96126666666639
2025-05-25,19:30-20:00,89.06158333333346
2025-05-25,20:10-20:30,65.60403333333328
2025-05-25,20:50-21:10,178.99148333333324
2025-05-25,21:40-22:00,66.65931666666677
2025-05-25,22:40-23:10,96.38488333333316
2025-05-26,01:20-01:50,76.88911666666661
2025-05-26,02:10-02:20,17.4684666666667
2025-05-26,02:50-03:00,19.410383333333357
2025-05-26,04:30-05:30,172.56156666666683
2025-05-26,06:40-08:00,500.233816666667
2025-05-26,08:10-09:20,550.9882666666662
2025-05-26,09:30-11:50,2560.1014000000005
2025-05-26,12:00-16:00,3261.987316666667
2025-05-26,16:10-17:40,332.5881166666668
2025-05-26,18:20-19:20,225.99081666666646
2025-05-26,20:10-20:20,12.28803333333326
2025-05-26,20:50-21:00,13.324299999999994
2025-05-26,21:10-21:30,38.75418333333323
2025-05-26,21:40-22:00,84.51343333333341
2025-05-26,22:40-23:10,164.38296666666656
2025-05-27,00:10-00:30,27.499083333333374
2025-05-27,01:30-01:50,39.439833333333354
2025-05-27,02:20-04:10,192.88938333333357
2025-05-27,04:30-05:10,128.8079666666665
2025-05-27,07:50-08:40,120.34798333333322
2025-05-27,09:10-10:00,280.4837833333331
2025-05-27,10:20-11:00,309.3811166666669
2025-05-27,16:00-16:30,191.84061666666662
2025-05-27,18:00-18:10,6.399583333333368
2025-05-27,19:10-19:30,27.42538333333325
2025-05-27,19:40-20:00,27.06724999999992
2025-05-27,20:20-20:50,74.7020833333331
2025-05-27,21:10-21:30,76.51564999999994
2025-05-27,22:20-22:40,94.96685000000002
2025-05-27,23:00-23:10,25.49333333333334
2025-05-27,23:40-00:10+1,26.63970000000006
2025-05-28,00:20-00:50,128.93795000000011
2025-05-28,01:00-01:40,98.1637166666668
2025-05-28,02:10-02:30,32.36611666666681
2025-05-28,03:10-04:00,123.48036666666684
2025-05-28,04:20-04:40,9.642016666666677
2025-05-28,05:10-05:30,3.962000000000101
2025-05-28,06:00-06:20,36.96738333333363
2025-05-28,06:30-08:50,1169.907266666666
2025-05-28,09:00-10:30,379.3977500000009
2025-05-28,11:00-13:10,1931.0285499999998
2025-05-28,13:20-13:40,23.14330000000018
2025-05-28,13:50-14:10,51.12218333333294
2025-05-28,16:50-17:10,65.50676666666669
2025-05-28,17:30-17:50,55.20239999999967
2025-05-28,18:50-19:20,62.12266666666661
2025-05-28,19:40-20:00,33.5444166666666
2025-05-28,20:10-20:30,66.78691666666684
2025-05-28,21:50-22:30,103.2999166666666
2025-05-28,22:40-22:50,10.923133333333453
2025-05-28,23:20-23:30,24.850583333333134
2025-05-28,00:00+1-00:10+1,3.3933333333333167
2025-05-29,00:10-01:10,202.53963333333343
2025-05-29,01:30-01:40,20.168333333333294
2025-05-29,02:30-03:10,105.72320000000002
2025-05-29,03:30-03:40,19.924999999999955
2025-05-29,04:20-05:40,218.62021666666672
2025-05-29,06:00-06:40,72.64124999999996
2025-05-29,07:00-08:50,1149.346349999999
2025-05-29,09:00-12:10,2084.5751666666656
2025-05-29,12:20-12:40,82.84258333333355
2025-05-29,13:20-14:40,281.5057833333342
2025-05-29,15:50-16:20,38.6465000000004
2025-05-29,16:40-17:00,38.108199999999954
2025-05-29,17:10-18:00,135.47675000000018
2025-05-29,18:30-19:00,56.514783333333234
2025-05-29,19:10-20:30,248.9609333333336
2025-05-29,21:00-22:00,197.4817166666669
2025-05-29,22:20-22:30,9.068149999999946
2025-05-29,23:00-23:20,31.688766666666652
2025-05-29,23:30-00:00+1,65.37271666666663
2025-05-30,01:40-02:00,9.44206666666662
2025-05-30,02:10-02:30,18.577883333333375
2025-05-30,02:50-03:10,27.51991666666669
2025-05-30,03:30-04:00,132.7008666666665
2025-05-30,04:50-05:20,18.04279999999999
2025-05-30,05:50-07:20,180.9382666666669
2025-05-30,07:50-08:00,41.314700000000016
2025-05-30,08:10-08:20,26.927383333333296
2025-05-30,09:10-09:20,162.15298333333328
2025-05-30,11:00-11:20,103.26436666666655
2025-05-30,14:10-14:20,73.18881666666653
2025-05-30,15:40-15:50,28.9684166666666
2025-05-30,16:10-18:00,520.7232000000001
2025-05-30,19:00-19:10,34.639999999999986
2025-05-30,19:30-19:50,18.631416666666667
2025-05-30,20:00-20:20,28.294433333333302
2025-05-30,21:20-21:40,51.61199999999991
2025-05-30,22:00-22:20,63.7702666666666
2025-05-30,22:30-23:00,77.87434999999988
2025-05-30,23:40-00:00+1,35.722050000000024
2025-05-31,00:10-00:20,0.39983333333327664
2025-05-31,00:40-01:10,50.00891666666672
2025-05-31,01:30-01:50,47.37083333333334
2025-05-31,02:40-03:50,172.85719999999995
2025-05-31,04:00-04:40,65.39035000000004
2025-05-31,05:00-05:30,83.30248333333324
2025-05-31,06:20-07:50,420.76453333333353
2025-05-31,08:30-08:40,45.320833333333326
2025-05-31,09:00-09:20,19.925116666666668
2025-05-31,10:20-10:30,162.64188333333368
2025-05-31,10:50-11:10,143.2936666666667
2025-05-31,11:40-12:00,91.34151666666662
2025-05-31,12:10-12:20,58.58344999999986
2025-05-31,13:10-13:20,109.05169999999998
2025-05-31,13:50-14:00,208.33746666666661
2025-05-31,14:20-14:30,85.62169999999992
2025-05-31,15:00-15:20,139.23878333333346
2025-05-31,15:40-15:50,66.78168333333338
2025-05-31,16:10-16:30,72.74774999999988
2025-05-31,16:40-17:30,220.2714166666666
2025-05-31,18:00-18:40,89.59686666666683
2025-05-31,19:00-19:20,68.3865666666668
2025-05-31,20:00-20:20,91.48091666666676
2025-05-31,20:40-21:00,39.931416666666756
2025-05-31,22:00-22:10,4.038333333333412
2025-05-31,23:00-23:30,45.8509499999999
2025-05-31,23:50-00:10+1,168.61586666666665
2025-06-01,00:10-04:10,1653.7294833333333
2025-06-01,04:20-04:50,67.92780000000002
2025-06-01,05:30-05:40,8.3275
2025-06-01,06:00-06:10,6.34208333333325
2025-06-01,06:20-06:40,34.23391666666669
2025-06-01,07:00-00:10+1,21061.012266666665
2025-06-02,00:10-04:00,1693.7278166666658
2025-06-02,04:10-05:00,160.4629833333332
2025-06-02,05:30-05:40,23.60166666666659
2025-06-02,05:50-07:20,336.4633499999998
2025-06-02,07:40-10:10,1718.642633333333
2025-06-02,12:00-00:10+1,11927.823150000002
2025-06-03,00:10-03:30,1441.960216666666
2025-06-03,03:40-04:00,28.462000000000007
2025-06-03,04:10-04:30,88.05505000000002
2025-06-03,04:50-05:00,12.71569999999997
2025-06-03,05:10-00:10+1,17323.008599999997
2025-06-04,00:10-02:50,1510.6767333333328
2025-06-04,03:10-05:50,676.0523499999998
2025-06-04,06:00-06:40,49.52595000000005
2025-06-04,07:00-00:10+1,15213.32428333333
2025-06-05,00:10-04:30,1706.2572166666666
2025-06-05,04:50-06:10,229.76373333333314
2025-06-05,06:20-10:50,2449.70695
2025-06-05,11:00-00:10+1,12700.447516666667
2025-06-06,00:10-03:30,1616.66065
2025-06-06,04:00-05:00,185.55918333333335
2025-06-06,05:10-08:00,1024.1266333333333
2025-06-06,09:00-09:30,338.0897166666666
2025-06-06,10:10-10:20,363.5771500000001
2025-06-06,10:50-11:00,229.5948833333333
2025-06-06,11:10-11:40,892.9689666666668
2025-06-06,11:50-12:00,390.3111999999999
2025-06-06,12:20-12:40,819.2808666666664
2025-06-06,13:10-13:20,370.58181666666667
2025-06-06,13:50-14:00,425.65583333333325
2025-06-06,14:30-14:50,829.8705166666666
2025-06-06,15:20-00:10+1,7190.8787833333345
2025-06-07,00:10-02:40,1210.9283666666665
2025-06-07,03:10-03:30,30.802650000000092
2025-06-07,03:40-04:00,95.49163333333323
2025-06-07,04:20-05:00,25.370683333333126
2025-06-07,05:20-07:00,514.5292833333333
2025-06-07,07:10-07:50,444.65039999999954
2025-06-07,08:00-08:20,391.21619999999996
2025-06-07,08:30-08:50,409.4756166666667
2025-06-07,09:10-09:30,521.9218000000001
2025-06-07,09:50-10:00,281.2065333333335
2025-06-07,10:10-10:40,845.8774499999998
2025-06-07,10:50-11:00,363.0768666666669
2025-06-07,11:30-11:40,221.42416666666668
2025-06-07,11:50-12:10,733.1964333333331
2025-06-07,12:40-12:50,401.7856833333334
2025-06-07,13:30-13:40,246.71583333333353
2025-06-07,13:50-14:00,359.5066999999998
2025-06-07,14:10-14:20,392.9507666666665
2025-06-07,14:30-14:40,198.29583333333346
2025-06-07,14:50-15:00,120.22276666666664
2025-06-07,15:30-00:00+1,5933.247516666668
2025-06-08,00:20-00:40,45.215766666666354
2025-06-08,01:00-01:10,8.736666666666679
2025-06-08,01:40-02:00,24.478849999999966
2025-06-08,02:30-02:50,13.072733333333304
2025-06-08,04:10-04:30,71.40741666666673
2025-06-08,05:30-06:00,59.88558333333329
2025-06-08,06:10-08:00,693.7078499999998
2025-06-08,12:20-12:40,239.83248333333336
2025-06-08,13:40-14:00,10.164616666666916
2025-06-08,14:40-15:40,252.89583333333326
2025-06-08,16:00-16:30,111.3544166666668
2025-06-08,17:20-18:40,178.68859999999916
2025-06-08,19:10-20:00,72.37459999999989
2025-06-08,20:10-20:20,20.545816666666724
2025-06-08,21:00-21:20,13.257650000000012
2025-06-08,21:40-22:00,27.259649999999965
2025-06-08,22:30-23:20,181.23355000000015
2025-06-08,23:50-00:10+1,25.4368166666668
2025-06-09,00:30-01:30,136.14171666666664
2025-06-09,03:00-03:10,46.31499999999994
2025-06-09,03:30-04:20,278.61575
2025-06-09,04:40-04:50,9.093866666666605
2025-06-09,05:40-06:00,75.17766666666684
2025-06-09,06:20-07:00,217.76365000000004
2025-06-09,07:10-08:00,204.75053333333375
2025-06-09,08:10-08:30,17.194783333333703
2025-06-09,08:40-08:50,4.113783333333345
2025-06-09,09:40-09:50,32.331533333333255
2025-06-09,10:10-12:20,2289.032016666667
2025-06-09,13:30-14:00,298.34091666666666
2025-06-09,14:30-15:10,157.9022333333337
2025-06-09,16:30-16:40,15.13791666666674
2025-06-09,17:00-18:00,282.7800000000002
2025-06-09,18:10-18:20,2.2563500000000403
2025-06-09,18:50-19:20,136.91508333333297
2025-06-09,19:40-20:00,69.0508999999998
2025-06-09,20:20-21:10,151.51671666666869
2025-06-09,21:40-21:50,14.496916666666607
2025-06-09,22:30-22:40,3.001666666666779
2025-06-09,23:00-23:10,33.37666666666678
2025-06-09,23:30-00:10+1,195.8962166666662
2025-06-10,00:10-00:30,29.086900000000014
2025-06-10,00:40-01:00,28.647666666666737
2025-06-10,01:10-01:30,62.24170000000004
2025-06-10,01:50-02:10,38.1713666666667
2025-06-10,02:20-02:50,75.09848333333332
2025-06-10,03:20-03:30,10.894116666666605
2025-06-10,03:50-04:10,49.92476666666664
2025-06-10,04:30-05:20,151.00665000000023
2025-06-10,05:40-05:50,7.032566666666739
2025-06-10,06:20-06:40,47.124650000000145
2025-06-10,07:50-08:10,144.00416666666683
2025-06-10,08:50-09:40,194.23288333333323
2025-06-10,11:10-17:50,4369.497649999999
2025-06-10,18:30-18:50,14.536099999999742
2025-06-10,19:10-19:30,71.77306666666661
2025-06-10,20:00-20:30,88.26789999999993
2025-06-10,20:40-21:20,125.9828833333336
2025-06-10,21:50-22:10,24.435583333333398
2025-06-10,22:40-23:00,122.22626666666656
2025-06-10,23:20-23:50,54.865666666666584
2025-06-10,00:00+1-00:10+1,3.568333333333271
2025-06-11,00:10-00:30,31.541166666666413
2025-06-11,01:00-01:10,10.95166666666671
2025-06-11,01:30-01:40,24.00666666666666
2025-06-11,02:10-02:20,1.7665833333333012
2025-06-11,02:40-03:00,67.82078333333345
2025-06-11,04:40-04:50,2.888200000000071
2025-06-11,05:50-11:50,3977.910199999999
2025-06-11,12:20-12:30,1.515400000000227
2025-06-11,12:40-14:30,1249.4500499999997
2025-06-11,14:40-17:40,1961.515483333333
2025-06-11,17:50-19:50,248.99956666666694
2025-06-11,20:50-21:00,6.248683333333454
2025-06-11,21:40-22:50,206.64416666666637
2025-06-11,23:30-23:50,24.687733333333654
2025-06-12,00:30-01:00,104.98990000000003
2025-06-12,01:10-01:30,20.56798333333336
2025-06-12,02:30-02:40,16.716666666666697
2025-06-12,03:30-04:00,131.1537666666668
2025-06-12,06:00-06:20,85.62521666666643
2025-06-12,07:30-07:40,1.5458333333333485
2025-06-12,08:20-08:40,20.16313333333335
2025-06-12,09:30-09:40,87.32041666666657
2025-06-12,10:20-11:10,233.8761666666669
2025-06-12,11:30-12:30,405.1557
2025-06-12,12:50-15:10,1773.160166666667
2025-06-12,15:20-15:40,28.40901666666673
2025-06-12,16:00-16:30,258.38328333333357
2025-06-12,16:40-18:50,545.4546500000001
2025-06-12,19:30-19:40,7.4833333333333485
2025-06-12,21:00-21:40,121.51681666666695
2025-06-12,22:30-22:40,49.46333333333337
2025-06-12,23:30-23:50,21.242566666666676
2025-06-13,01:30-01:50,40.77193333333332
2025-06-13,02:30-03:00,61.44445000000002
2025-06-13,03:10-03:30,26.303333333333292
2025-06-13,03:50-04:10,17.091566666666665
2025-06-13,04:30-04:50,37.98028333333333
2025-06-13,05:00-05:20,10.048349999999964
2025-06-13,05:50-06:10,5.131816666666765
2025-06-13,07:00-07:40,123.61458333333326
2025-06-13,08:10-08:30,317.27340000000015
2025-06-13,08:40-10:20,948.1486500000005
2025-06-13,10:30-11:40,393.21130000000005
2025-06-13,17:10-17:50,203.0539666666668
2025-06-13,19:40-20:20,113.50711666666666
2025-06-13,20:40-21:10,180.05231666666685
2025-06-13,22:30-23:00,83.50543333333326
2025-06-13,23:30-23:40,30.973333333333244
2025-06-13,00:00+1-00:10+1,39.501666666666665
2025-06-14,00:10-00:30,54.80205000000001
2025-06-14,00:40-01:30,50.07495
2025-06-14,01:40-01:50,5.126950000000022
2025-06-14,02:20-03:10,85.71584999999993
2025-06-14,03:30-03:40,5.85666666666674
2025-06-14,03:50-04:10,31.719616666666752
2025-06-14,04:30-04:40,21.061666666666667
2025-06-14,06:10-06:20,1.4287500000000364
2025-06-14,06:50-07:20,83.85040000000004
2025-06-14,11:10-12:20,315.53875000000005
2025-06-14,13:30-13:50,12.358333333333121
2025-06-14,14:50-15:20,79.66011666666657
2025-06-14,15:40-16:00,68.2103666666668
2025-06-14,16:30-17:00,159.98561666666666
2025-06-14,17:10-17:30,29.028299999999945
2025-06-14,18:10-18:20,2.040149999999983
2025-06-14,19:10-19:40,72.62758333333329
2025-06-14,20:30-21:20,170.3329166666665
2025-06-14,21:50-22:00,7.21085000000005
2025-06-14,22:10-23:20,251.58973333333347
2025-06-14,23:40-00:00+1,7.738166666666643
2025-06-15,01:30-01:50,32.43190000000004
2025-06-15,02:10-02:30,42.48964999999987
2025-06-15,03:20-04:00,71.62493333333332
2025-06-15,04:30-04:40,12.903333333333308
2025-06-15,05:00-05:20,16.574733333333334
2025-06-15,07:30-12:20,5435.573666666666
2025-06-15,12:40-14:50,1548.9010999999937
2025-06-15,15:00-15:10,36.7116666666667
2025-06-15,15:40-16:00,19.9671666666668
2025-06-15,16:30-17:40,248.9004666666669
2025-06-15,18:30-19:00,60.64901666666695
2025-06-15,19:40-20:00,38.763699999999965
2025-06-15,20:30-20:50,75.54599999999994
2025-06-15,21:30-21:50,90.94138333333342
2025-06-15,22:10-22:20,18.334583333333512
2025-06-15,22:40-23:00,70.78343333333305
2025-06-16,00:10-00:50,120.00886666666634
2025-06-16,01:20-01:40,18.397583333333387
2025-06-16,02:00-02:50,130.45011666666687
2025-06-16,03:10-03:20,8.375433333333326
2025-06-16,03:40-03:50,1.8020666666666374
2025-06-16,04:20-04:30,31.7430333333333
2025-06-16,05:00-06:20,161.7609500000003
2025-06-16,06:30-06:40,1.2058333333332314
2025-06-16,07:00-07:10,10.141666666666708
2025-06-16,07:30-07:50,27.822633333333272
2025-06-16,08:30-08:40,22.455833333333658
2025-06-16,08:50-11:00,1481.1329500000008
2025-06-16,11:40-13:20,1039.8078666666665
2025-06-16,14:00-16:00,1226.5927833333315
2025-06-16,16:10-16:20,21.14154999999994
2025-06-16,18:00-18:10,7.217500000000001
2025-06-16,19:20-19:40,31.802683333333206
2025-06-16,20:00-20:20,45.21568333333323
2025-06-16,20:50-21:00,20.46868333333348
2025-06-16,21:10-21:40,151.69228333333342
2025-06-16,22:00-22:10,5.2666666666666515
2025-06-16,22:40-23:20,99.31178333333264
2025-06-17,00:30-01:10,143.89733333333334
2025-06-17,01:30-01:40,17.751666666666665
2025-06-17,03:00-03:20,89.85891666666679
2025-06-17,03:30-03:50,34.61149999999999
2025-06-17,04:10-04:30,48.08766666666671
2025-06-17,05:10-05:30,65.77046666666652
2025-06-17,05:50-07:50,285.8811499999996
2025-06-17,08:00-08:20,19.37786666666659
2025-06-17,10:00-11:20,984.5557499999995
2025-06-17,11:40-12:00,81.5064666666666
2025-06-17,12:10-15:00,2922.1896499999993
2025-06-17,15:20-15:50,42.1216666666669
2025-06-17,16:00-16:10,6.797916666666879
2025-06-17,16:20-16:40,61.16516666666644
2025-06-17,17:00-17:10,22.171250000000043
2025-06-17,18:00-18:40,129.51424999999986
2025-06-17,19:30-19:50,99.35195000000022
2025-06-17,20:00-20:50,87.86240000000066
2025-06-17,21:20-21:50,125.58005000000014
2025-06-17,22:20-22:50,59.60805000000005
2025-06-17,23:10-23:40,62.07816666666645
2025-06-18,01:50-02:10,5.993483333333302
2025-06-18,02:30-03:20,92.08114999999992
2025-06-18,03:30-03:40,1.6116666666666788
2025-06-18,04:30-04:50,10.379516666666557
2025-06-18,05:30-05:50,39.023816666666704
2025-06-18,06:20-06:30,1.2671000000001698
2025-06-18,11:10-12:40,757.7534000000002
2025-06-18,13:30-13:40,11.534583333333217
2025-06-18,16:00-16:30,122.02261666666703
2025-06-18,16:50-17:10,25.46928333333335
2025-06-18,17:50-18:30,39.073933333333514
2025-06-18,20:00-20:40,131.78558333333316
2025-06-18,21:30-21:50,30.41414999999995
2025-06-18,22:50-23:10,82.0161833333334
2025-06-18,23:40-00:10+1,18.923566666666375
2025-06-19,00:10-00:30,32.67588333333333
2025-06-19,00:50-01:10,58.609466666666776
2025-06-19,01:30-01:40,16.30499999999995
2025-06-19,02:00-02:30,82.90291666666656
2025-06-19,02:40-03:00,66.65478333333328
2025-06-19,04:30-05:20,172.57715000000002
2025-06-19,05:30-06:00,78.47231666666657
2025-06-19,06:10-06:40,169.64159999999998
2025-06-19,07:40-08:10,45.019649999999956
2025-06-19,08:30-09:20,296.0644000000002
2025-06-19,09:40-10:00,104.27149999999995
2025-06-19,10:10-10:20,1.499366666666674
2025-06-19,11:20-11:40,57.54185000000007
2025-06-19,16:00-16:40,185.80276666666668
2025-06-19,17:50-18:00,8.702816666666678
2025-06-19,18:20-18:50,40.9628166666668
2025-06-19,19:10-19:50,172.3452166666668
2025-06-19,20:00-20:10,3.3999999999999773
2025-06-19,20:30-20:40,10.559999999999945
2025-06-19,20:50-21:20,58.19156666666695
2025-06-19,21:40-22:00,22.26141666666649
2025-06-19,22:50-23:30,107.55313333333322
2025-06-19,00:00+1-00:10+1,90.43333333333334
2025-06-20,00:10-00:20,46.90656666666672
2025-06-20,00:40-01:00,27.03234999999995
2025-06-20,01:10-01:50,144.54306666666662
2025-06-20,02:20-02:30,15.33850000000001
2025-06-20,03:30-03:50,23.175066666666588
2025-06-20,04:00-04:30,42.28504999999994
2025-06-20,06:10-06:20,9.90536666666668
2025-06-20,11:50-12:30,213.08789999999976
2025-06-20,12:50-13:10,167.22133333333363
2025-06-20,14:00-14:10,10.231250000000045
2025-06-20,14:30-14:40,6.01166666666677
2025-06-20,16:50-17:10,33.72263333333336
2025-06-20,18:00-18:30,100.58213333333333
2025-06-20,19:30-19:40,8.103333333333353
2025-06-20,20:00-20:20,3.2147500000000946
2025-06-20,21:10-22:10,177.9689000000002
2025-06-20,22:50-23:20,110.72304999999989
2025-06-20,23:40-00:10+1,95.67541666666665
2025-06-21,00:30-00:40,44.33999999999992
2025-06-21,01:20-02:20,142.22519999999997
2025-06-21,02:30-02:40,9.356666666666626
2025-06-21,03:00-03:40,110.45983333333334
2025-06-21,04:10-04:30,64.0049
2025-06-21,04:50-05:30,71.88189999999994
2025-06-21,05:40-06:40,184.0704833333334
2025-06-21,08:30-08:50,250.17925000000014
2025-06-21,09:10-09:30,297.59799999999996
2025-06-21,10:20-10:30,0.15618333333327428
2025-06-21,17:40-17:50,2.803266666666559
2025-06-21,19:00-19:20,62.42054999999998
2025-06-21,19:50-20:00,3.2688499999999463
2025-06-21,20:30-20:40,31.588333333333367
2025-06-21,21:20-22:00,118.47383333333335
2025-06-21,22:20-22:40,29.54609999999991
2025-06-21,23:20-23:30,2.564066666666804
2025-06-22,00:10-01:40,366.52353333333326
2025-06-22,02:10-02:20,22.278833333333296
2025-06-22,02:40-03:10,178.57381666666674
2025-06-22,04:10-04:20,1.6369166666666932
2025-06-22,04:50-05:00,0.004750000000058208
2025-06-22,05:20-05:50,15.740849999999732
2025-06-22,06:20-06:50,26.28191666666652
2025-06-22,07:10-07:30,15.106033333333357
2025-06-22,09:40-10:00,20.92065000000025
2025-06-22,11:40-12:40,239.39388333333386
2025-06-22,13:40-16:00,787.5835833333324
2025-06-22,19:00-19:40,112.31088333333342
2025-06-22,20:00-20:20,31.875716666666563
2025-06-22,20:40-21:20,143.23446666666808
2025-06-22,22:40-23:00,16.737916666666706
2025-06-22,23:40-00:00+1,32.78880000000004
2025-06-23,02:30-02:40,33.5766666666666
2025-06-23,03:00-03:40,142.18925000000007
2025-06-23,04:00-04:10,68.7116666666667
2025-06-23,04:30-04:40,40.30666666666673
2025-06-23,05:00-05:10,34.32625000000005
2025-06-23,13:30-14:40,401.1182333333335
2025-06-23,16:30-16:40,24.244583333333424
2025-06-23,17:30-18:00,70.17775000000029
2025-06-23,18:10-18:50,76.63933333333341
2025-06-23,19:40-20:10,41.87621666666661
2025-06-23,20:30-21:10,65.1619499999998
2025-06-23,21:40-22:00,58.12910000000011
2025-06-23,22:10-22:40,176.63930000000016
2025-06-23,23:20-23:40,79.17859999999996
2025-06-23,00:00+1-00:10+1,10.678333333333285
2025-06-24,00:10-00:20,0.5227999999997337
2025-06-24,01:10-02:20,372.9296833333334
2025-06-24,02:50-03:00,9.516183333333402
2025-06-24,03:20-03:40,42.214966666666555
2025-06-24,04:30-05:00,59.08815000000012
2025-06-24,05:30-05:40,18.95833333333337
2025-06-24,05:50-06:10,38.27415000000005
2025-06-24,06:30-07:10,106.54250000000002
2025-06-24,07:30-11:40,3377.8599000000013
2025-06-24,11:50-12:40,432.11171666666644
2025-06-24,14:50-15:30,186.09140000000014
2025-06-24,15:40-16:00,44.4988833333332
2025-06-24,16:20-16:30,10.59145000000018
2025-06-24,17:20-18:20,290.1640000000003
2025-06-24,19:10-19:30,53.889700000000005
2025-06-24,20:50-21:30,118.23788333333329
2025-06-24,22:10-22:30,20.694049999999834
2025-06-24,22:50-23:00,7.0652500000001055
2025-06-24,23:30-23:40,22.87999999999988
2025-06-24,00:00+1-00:10+1,35.39166666666665
2025-06-25,00:10-00:20,22.0949333333333
2025-06-25,00:40-01:10,99.29665
2025-06-25,01:40-02:00,37.36721666666665
2025-06-25,02:20-02:30,13.283800000000042
2025-06-25,02:50-03:40,121.05513333333332
2025-06-25,04:00-04:40,77.13258333333339
2025-06-25,06:00-06:10,15.12666666666658
2025-06-25,06:40-07:00,31.490100000000155
2025-06-25,08:00-10:00,740.450366666666
2025-06-25,10:10-10:30,193.10996666666665
2025-06-25,10:40-11:50,1045.9885166666663
2025-06-25,14:00-15:10,601.6096833333338
2025-06-25,17:30-17:40,51.193749999999966
2025-06-25,18:50-19:20,58.52710000000016
2025-06-25,20:10-20:30,20.256783333333377
2025-06-25,20:40-21:20,70.79749999999987
2025-06-25,21:50-22:20,147.65375000000006
2025-06-25,22:50-23:10,7.220450000000255
2025-06-25,23:40-00:00+1,17.72926666666683
2025-06-26,00:10-00:40,28.403616666666608
2025-06-26,01:10-01:30,23.22236666666663
2025-06-26,01:40-02:00,114.6954833333333
2025-06-26,02:50-03:00,0.1881666666665751
2025-06-26,04:10-04:30,64.93363333333326
2025-06-26,05:20-05:40,14.175683333333403
2025-06-26,06:40-07:30,223.60494999999975
2025-06-26,08:30-08:40,11.087916666666729
2025-06-26,09:00-11:20,1530.614183333333
2025-06-26,12:10-13:40,742.4085833333336
2025-06-26,14:10-14:30,40.27996666666672
2025-06-26,16:50-17:40,174.2324666666662
2025-06-26,18:00-18:10,13.005416666666633
2025-06-26,19:00-19:20,47.53551666666658
2025-06-26,19:40-20:00,70.68236666666664
2025-06-26,20:20-20:30,17.83856666666664
2025-06-26,20:40-20:50,3.8639833333404567
2025-06-26,21:20-23:10,307.3060833333336
2025-06-26,23:40-00:00+1,117.93479999999988
2025-06-27,00:10-00:40,157.4292333333334
2025-06-27,01:00-01:10,3.009999999999991
2025-06-27,02:00-02:20,79.41319999999996
2025-06-27,02:30-03:20,57.9878500000001
2025-06-27,04:30-05:30,117.03613333333327
2025-06-27,05:40-06:50,180.43659999999954
2025-06-27,07:10-07:30,128.63980000000015
2025-06-27,07:40-07:50,55.59046666666654
2025-06-27,08:10-08:20,73.22343333333333
2025-06-27,08:30-08:50,30.053866666666977
2025-06-27,09:10-09:50,196.01234999999986
2025-06-27,10:10-10:20,18.431450000000268
2025-06-27,13:20-13:30,47.33231666666666
2025-06-27,14:30-14:40,16.4849999999999
2025-06-27,15:30-15:40,5.8487499999999955
2025-06-27,16:20-16:30,4.461383333333288
2025-06-27,17:50-18:00,19.509016666666668
2025-06-27,18:30-19:20,153.46471666666665
2025-06-27,19:40-20:10,64.20769999999997
2025-06-27,20:30-20:50,11.615999999999985
2025-06-27,21:30-21:50,66.06881666666652
2025-06-27,22:10-22:30,11.773599999999988
2025-06-27,22:40-22:50,16.236899999999878
2025-06-27,23:10-23:30,44.905583333333425
2025-06-28,00:50-01:20,128.89384999999993
2025-06-28,02:00-02:10,3.8833333333333826
2025-06-28,03:40-04:00,28.09494999999997
2025-06-28,04:40-05:10,122.04301666666665
2025-06-28,05:30-05:40,5.044583333333321
2025-06-28,06:40-08:00,339.7840833333335
2025-06-28,08:10-08:20,69.05313333333334
2025-06-28,08:40-08:50,12.224633333333259
2025-06-28,09:10-09:20,30.260299999999916
2025-06-28,09:50-10:10,203.54206666666676
2025-06-28,10:20-10:30,72.84943333333331
2025-06-28,11:00-11:10,30.52500000000009
2025-06-28,11:30-11:50,184.24563333333344
2025-06-28,12:40-12:50,120.62216666666677
2025-06-28,13:10-13:30,168.1586833333331
2025-06-28,14:00-14:10,57.49208333333331
2025-06-28,14:40-14:50,91.96368333333339
2025-06-28,15:10-15:20,163.49701666666385
2025-06-28,15:50-16:10,86.89466666666658
2025-06-28,16:20-17:40,506.1099166666668
2025-06-28,18:20-18:40,17.098550000000046
2025-06-28,19:30-19:40,31.50333333333333
2025-06-28,20:00-20:20,155.61918333333335
2025-06-28,20:50-21:30,225.83839999999995
2025-06-28,21:50-22:20,38.861133333333214
2025-06-28,23:00-23:10,21.246666666666442
2025-06-28,23:20-23:40,59.184749999999894
2025-06-28,23:50-00:10+1,99.48771666666653
2025-06-29,00:40-01:00,25.14280000000008
2025-06-29,01:30-01:40,6.831666666666706
2025-06-29,01:50-02:20,119.68020000000001
2025-06-29,02:30-02:50,74.72398333333354
2025-06-29,04:00-05:00,224.15458333333314
2025-06-29,05:10-05:30,7.9389833333332795
2025-06-29,05:40-06:30,143.17136666666653
2025-06-29,06:50-10:30,2502.956483333333
2025-06-29,11:10-11:30,40.08696666666651
2025-06-29,11:40-13:10,918.3300999999983
2025-06-29,15:10-15:30,46.052816666666445
2025-06-29,15:50-17:20,547.0080166666664
2025-06-29,18:10-19:20,272.1232000000002
2025-06-29,20:00-20:40,51.79550000000028
2025-06-29,21:20-22:10,148.10768333333363
2025-06-29,23:20-23:30,15.213849999999866
2025-06-29,00:00+1-00:10+1,5.071666666666715
2025-06-30,00:10-00:20,32.176733333333004
2025-06-30,00:50-01:10,90.84143333333338
2025-06-30,01:30-02:30,181.87815
2025-06-30,03:00-03:10,13.99333333333334
2025-06-30,04:40-05:00,112.1506166666667
2025-06-30,05:10-05:30,33.18604999999995
2025-06-30,05:40-09:20,1636.3466166666665
2025-06-30,09:50-11:30,1615.9926500000004
2025-06-30,11:40-13:30,1292.725766666665
2025-06-30,14:50-15:10,49.79681666666647
2025-06-30,15:30-16:20,406.1617166666666
2025-06-30,17:00-17:20,50.4030833333336
2025-06-30,19:00-19:20,105.56305000000002
2025-06-30,19:30-19:50,53.22528333333332
2025-06-30,21:20-21:30,18.45861666666667
2025-06-30,21:50-22:00,0.8274833333333618
2025-06-30,22:30-23:10,140.52896666666652
2025-06-30,23:50-00:10+1,211.81950000000006
2025-07-01,00:10-06:30,3578.0064666666663
2025-07-01,06:40-07:40,155.17868333333365
2025-07-01,15:00-15:40,212.19398333333322
2025-07-01,16:40-17:30,290.2143166666665
2025-07-01,17:40-18:10,156.25858333333318
2025-07-01,18:20-00:10+1,3722.7787166666667
2025-07-02,00:10-06:20,4086.858466666666
2025-07-02,07:10-07:40,81.42221666666666
2025-07-02,15:20-00:10+1,5282.067666666665
2025-07-03,00:10-06:20,4150.044400000001
2025-07-03,07:20-08:30,752.7014666666663
2025-07-03,09:30-09:40,15.984583333333376
2025-07-03,11:10-12:20,1312.7623500000002
2025-07-03,13:30-00:10+1,7292.009633333333
2025-07-04,00:10-07:30,4269.62
2025-07-04,07:50-08:20,54.885133333333215
2025-07-04,08:40-08:50,92.62975000000006
2025-07-04,09:00-09:20,110.23606666666672
2025-07-04,10:30-10:50,73.71291666666662
2025-07-04,13:00-13:10,3.7518333333323426
2025-07-04,13:50-14:00,82.53553333333343
2025-07-04,14:10-14:20,0.6890166666664754
2025-07-04,15:00-15:20,146.45238333333316
2025-07-04,15:30-00:10+1,5604.568316666667
2025-07-05,00:10-06:50,4083.9757
2025-07-05,07:10-07:40,140.6293500000001
2025-07-05,11:30-11:40,38.50458333333336
2025-07-05,11:50-12:10,153.1328166666667
2025-07-05,12:30-12:40,32.267916666666906
2025-07-05,15:10-15:40,149.8980499999999
2025-07-05,16:00-00:10+1,5474.498950000001
2025-07-06,00:10-07:10,3873.319233333334
2025-07-06,08:10-08:20,29.89788333333331
2025-07-06,09:10-09:30,24.62098333333313
2025-07-06,10:00-11:10,570.7232500000002
2025-07-06,13:10-00:10+1,8686.718483333332
2025-07-07,00:10-06:00,4154.448616666667
2025-07-07,11:30-11:40,18.383749999999736
2025-07-07,13:40-14:00,88.12276666666685
2025-07-07,15:00-15:30,46.36650000000009
2025-07-07,16:30-00:00+1,4717.691400000001
2025-07-08,00:30-02:00,316.9143499999998
2025-07-08,02:50-03:10,156.6843500000001
2025-07-08,05:00-06:50,406.1124666666664
2025-07-08,07:10-07:50,73.3153500000002
2025-07-08,08:20-08:40,29.63844999999992
2025-07-08,10:20-10:30,25.918766666666897
2025-07-08,14:20-14:50,217.69163333333336
2025-07-08,15:40-18:40,1165.2308666666668
2025-07-08,18:50-19:20,91.66886666666659
2025-07-08,19:30-19:50,13.79536666666661
2025-07-08,20:00-20:20,17.828066666666587
2025-07-08,20:30-21:00,100.00906666666668
2025-07-08,21:20-21:40,56.93870000000004
2025-07-08,22:00-22:20,38.38781666666682
2025-07-08,22:50-23:20,114.47646666666674
2025-07-08,23:50-00:00+1,2.14453333333347
2025-07-09,00:30-01:30,174.47566666666694
2025-07-09,02:30-03:20,154.86975
2025-07-09,04:40-05:00,9.844716666666802
2025-07-09,05:20-05:50,60.114516666666255
2025-07-09,06:10-07:20,494.95724999999976
2025-07-09,07:40-08:50,453.03278333333344
2025-07-09,09:10-09:20,0.5935166666663463
2025-07-09,10:50-11:30,399.3472999999992
2025-07-09,11:40-12:10,97.68313333333322
2025-07-09,12:40-13:10,172.34418333333338
2025-07-09,13:20-15:20,1340.644800000001
2025-07-09,16:30-16:40,43.65000000000009
2025-07-09,17:30-19:00,501.87604999999996
2025-07-09,19:30-19:50,114.14403333333325
2025-07-09,20:30-21:10,42.523816666666654
2025-07-09,21:20-21:40,72.79481666666675
2025-07-09,22:30-22:40,36.33666666666659
2025-07-09,23:10-00:00+1,108.01498333333302
2025-07-10,00:30-00:40,20.0
2025-07-10,01:00-01:10,8.998333333333221
2025-07-10,02:00-02:20,82.62974999999994
2025-07-10,02:50-03:50,108.01259999999976
2025-07-10,04:20-05:00,183.39901666666654
2025-07-10,05:10-05:30,80.59793333333336
2025-07-10,06:20-07:00,225.9350999999998
2025-07-10,08:50-09:10,45.6556333333333
2025-07-10,15:40-16:20,267.83213333333276
2025-07-10,17:10-17:40,147.991483333333
2025-07-10,18:20-18:30,1.0775833333333509
2025-07-10,19:00-19:50,161.53925000000032
2025-07-10,20:00-20:10,10.200000000000045
2025-07-10,20:20-20:40,41.18963333333335
2025-07-10,20:50-21:10,96.75113333333323
2025-07-10,21:50-22:20,109.05321666666657
2025-07-10,22:40-23:00,116.28378333333342
2025-07-11,00:20-00:40,26.116733333333286
2025-07-11,02:00-02:20,21.5863333333333
2025-07-11,03:20-03:50,119.8522833333333
2025-07-11,04:10-04:40,105.15578333333323
2025-07-11,05:00-05:30,169.57176666666658
2025-07-11,05:50-06:10,61.36893333333336
2025-07-11,06:20-07:50,390.220916666667
2025-07-11,08:50-09:00,33.9708999999998
2025-07-11,09:10-09:20,33.52056666666647
2025-07-11,09:30-09:40,32.54875000000004
2025-07-11,09:50-10:00,99.60193333333359
2025-07-11,11:00-11:20,504.04215000000045
2025-07-11,11:40-12:00,648.5347833333333
2025-07-11,12:10-12:20,237.52324999999996
2025-07-11,12:30-12:50,512.9442500000002
2025-07-11,13:00-13:30,420.32493333333287
2025-07-11,16:30-16:50,89.42788333333328
2025-07-11,17:10-17:20,2.4550000000000978
2025-07-11,17:40-18:40,193.33411666666643
2025-07-11,19:10-20:00,118.01243333333308
2025-07-11,20:50-21:40,104.75941666666657
2025-07-11,22:00-22:20,52.6578333333332
2025-07-11,23:50-00:10+1,58.03131666666684
2025-07-12,00:40-01:00,29.603066666666678
2025-07-12,01:30-02:10,135.8263666666668
2025-07-12,02:30-03:00,125.05090000000018
2025-07-12,03:20-03:50,108.11984999999991
2025-07-12,05:30-06:00,25.93278333333322
2025-07-12,06:50-07:20,138.07010000000002
2025-07-12,07:40-07:50,61.614200000000096
2025-07-12,08:00-08:10,54.0775000000001
2025-07-12,08:20-08:30,74.26445000000001
2025-07-12,09:30-09:50,158.8290333333332
2025-07-12,10:10-10:30,266.5556666666671
2025-07-12,10:40-10:50,216.89356666666686
2025-07-12,11:00-11:20,510.22931666666705
2025-07-12,11:50-12:00,30.076050000000123
2025-07-12,12:30-12:40,30.50624999999991
2025-07-12,12:50-13:00,54.6288999999997
2025-07-12,14:10-14:20,69.72768333333352
2025-07-12,14:30-14:50,42.8378666666664
2025-07-12,15:40-16:00,95.17646666666656
2025-07-12,16:10-16:30,117.47451666666677
2025-07-12,17:40-18:00,118.01318333333344
2025-07-12,18:20-19:50,168.83101666666676
2025-07-12,20:20-20:30,11.283733333333334
2025-07-12,21:00-21:20,50.97353333333331
2025-07-12,21:30-21:40,5.511666666666656
2025-07-12,21:50-22:20,156.39616666666643
2025-07-12,22:30-22:50,19.36966666666649
2025-07-12,23:30-23:50,2.7020166666663954
2025-07-13,00:10-00:30,29.25681666666651
2025-07-13,01:20-01:40,25.52478333333329
2025-07-13,02:00-02:10,40.690000000000055
2025-07-13,02:30-02:40,10.093333333333248
2025-07-13,03:10-03:50,96.54886666666684
2025-07-13,04:50-05:10,34.709049999999934
2025-07-13,06:50-07:10,82.35593333333333
2025-07-13,07:40-08:00,174.55026666666652
2025-07-13,10:40-10:50,0.9612500000000637
2025-07-13,18:10-18:50,142.5785333333337
2025-07-13,19:10-19:40,132.64868333333328
2025-07-13,20:00-20:10,66.09833333333336
2025-07-13,20:40-21:00,12.387849999999908
2025-07-13,21:10-21:30,20.756883333333235
2025-07-13,22:50-23:30,49.39008333333322
2025-07-13,23:40-00:00+1,84.06795000000011
2025-07-14,00:10-00:30,48.914683333333414
2025-07-14,01:20-01:30,7.389316666666673
2025-07-14,03:00-03:30,21.226383333333565
2025-07-14,03:40-04:10,110.06910000000019
2025-07-14,05:10-05:30,44.90743333333317
2025-07-14,05:50-06:10,74.56926666666658
2025-07-14,06:40-07:10,100.24489999999986
2025-07-14,07:30-08:20,234.25696666666693
2025-07-14,09:00-09:50,222.73393333333354
2025-07-14,10:00-10:40,237.66255000000046
2025-07-14,11:00-11:10,12.670833333333348
2025-07-14,13:30-13:40,25.391250000000127
2025-07-14,14:00-14:30,144.02491666666674
2025-07-14,15:40-16:20,180.5798500000002
2025-07-14,16:50-17:00,7.747900000000186
2025-07-14,17:20-18:30,467.2906500000001
2025-07-14,18:40-19:10,93.89178333333325
2025-07-14,19:30-19:50,56.468466666666814
2025-07-14,20:00-20:30,38.94559999999969
2025-07-14,21:00-21:30,82.06946666666647
2025-07-14,22:00-22:10,6.5833333333332575
2025-07-14,22:50-23:20,71.55116666666686
2025-07-14,23:30-23:40,4.64333333333343
2025-07-15,00:10-00:20,49.59293333333335
2025-07-15,00:50-01:00,32.67791666666665
2025-07-15,02:00-02:50,188.5176333333335
2025-07-15,03:10-03:50,182.92805000000004
2025-07-15,04:00-04:30,19.74093333333347
2025-07-15,04:40-04:50,38.812000000000076
2025-07-15,05:20-05:30,17.029816666666747
2025-07-15,06:00-06:30,53.34546666666671
2025-07-15,07:10-07:20,12.473599999999863
2025-07-15,11:00-11:10,22.419583333333094
2025-07-15,11:40-14:10,3485.4504666666635
2025-07-15,17:30-17:40,48.97833333333318
2025-07-15,18:00-18:30,82.69734999999996
2025-07-15,18:40-19:00,26.926716666666778
2025-07-15,19:10-19:50,86.51628333333335
2025-07-15,21:00-21:20,20.427383333333296
2025-07-15,21:30-21:50,10.004116666666619
2025-07-15,22:50-23:10,11.759216666666362
2025-07-15,23:30-23:40,50.308333333333394
2025-07-16,00:10-00:20,33.35500000000002
2025-07-16,02:10-02:50,166.28051666666647
2025-07-16,03:30-03:50,40.614333333333434
2025-07-16,04:10-05:00,119.77806666666672
2025-07-16,05:10-05:40,61.852200000000224
2025-07-16,05:50-06:20,227.76163333333335
2025-07-16,07:30-07:50,22.349616666666748
2025-07-16,10:00-10:10,9.85208333333344
2025-07-16,10:30-10:50,91.93849999999975
2025-07-16,11:20-11:30,3.844699999999875
2025-07-16,12:10-13:20,322.18169999999986
2025-07-16,15:00-16:30,1083.358916666667
2025-07-16,17:10-17:30,70.15136666666683
2025-07-16,18:30-18:40,56.973750000000095
2025-07-16,19:00-19:20,72.80214999999987
2025-07-16,20:10-20:30,127.03716666666679
2025-07-16,21:50-22:20,130.58230000000037
2025-07-16,22:30-23:20,129.69249999999988
2025-07-16,23:40-00:10+1,8.94119999999998
2025-07-17,00:10-00:30,52.10299999999984
2025-07-17,00:50-01:40,301.42290000000014
2025-07-17,02:00-02:10,14.555000000000064
2025-07-17,02:30-02:40,21.99833333333322
2025-07-17,03:40-04:20,222.00181666666663
2025-07-17,04:50-05:10,103.97634999999991
2025-07-17,05:30-05:40,7.222916666666649
2025-07-17,06:00-06:30,130.16855000000004
2025-07-17,06:50-07:10,145.6047833333334
2025-07-17,08:40-09:00,124.10366666666653
2025-07-17,09:10-09:40,264.9346166666669
2025-07-17,10:20-10:40,48.25816666666674
2025-07-17,11:00-12:30,314.3436833333335
2025-07-17,13:00-13:10,11.748333333333449
2025-07-17,13:30-14:00,62.8422833333334
2025-07-17,14:20-14:50,124.86878333333289
2025-07-17,15:30-15:40,16.68791666666675
2025-07-17,16:20-17:10,453.56068333333366
2025-07-17,17:40-18:50,206.75043333333332
2025-07-17,19:40-20:00,9.928916666666588
2025-07-17,20:10-20:30,68.31149999999995
2025-07-17,20:40-21:00,20.092900000000213
2025-07-17,21:10-21:30,81.77594999999985
2025-07-17,22:30-22:40,27.446666666666488
2025-07-17,23:00-23:20,39.55189999999993
2025-07-17,23:30-00:00+1,210.4602
2025-07-18,00:30-01:00,21.716399999999908
2025-07-18,01:10-01:30,22.27466666666669
2025-07-18,02:30-02:40,21.980000000000018
2025-07-18,03:00-03:10,27.70166666666671
2025-07-18,03:50-04:00,5.025966666666591
2025-07-18,04:30-04:40,9.531666666666638
2025-07-18,05:30-05:50,32.71488333333315
2025-07-18,06:10-06:20,1.1216166666667107
2025-07-18,07:40-08:30,328.0402333333335
2025-07-18,08:40-08:50,33.47800000000018
2025-07-18,09:20-10:00,170.65166666666653
2025-07-18,11:30-12:00,22.40178333333347
2025-07-18,14:20-14:50,323.85459999999966
2025-07-18,15:30-16:20,452.6358166666662
2025-07-18,17:00-18:40,253.82985000000014
2025-07-18,19:20-19:40,65.64528333333337
2025-07-18,20:10-20:50,111.20209999999976
2025-07-18,21:50-22:00,21.441283333333445
2025-07-18,22:10-23:50,149.60720000000015
2025-07-19,01:10-01:30,71.73643333333337
2025-07-19,02:30-02:40,49.01499999999987
2025-07-19,03:00-03:10,53.50833333333344
2025-07-19,03:30-04:10,87.3795999999999
2025-07-19,04:20-04:40,59.25703333333331
2025-07-19,05:00-05:40,180.3603833333335
2025-07-19,08:40-08:50,12.86183333333338
2025-07-19,09:40-09:50,12.184583333333421
2025-07-19,11:40-11:50,58.57108333333349
2025-07-19,16:40-17:10,74.3981833333333
2025-07-19,17:30-17:50,85.80333333333317
2025-07-19,18:00-18:30,99.4875666666665
2025-07-19,18:50-19:00,16.50806666666667
2025-07-19,19:30-20:00,72.72693333333338
2025-07-19,20:10-20:30,12.615066666666666
2025-07-19,20:40-21:00,19.846566666666718
2025-07-19,21:10-21:30,50.88431666666668
2025-07-19,21:40-21:50,0.5779333333333625
2025-07-19,22:40-22:50,6.8225333333334675
2025-07-19,23:40-00:10+1,120.68221666666682
2025-07-20,00:50-01:20,37.07365000000016
2025-07-20,01:40-02:00,37.319416666666825
2025-07-20,02:30-03:20,140.1250666666665
2025-07-20,03:50-04:00,16.222183333333305
2025-07-20,04:30-04:50,124.59291666666664
2025-07-20,05:10-05:40,76.07521666666675
2025-07-20,06:00-06:10,4.36041666666668
2025-07-20,06:20-07:00,233.19689999999974
2025-07-20,07:20-07:40,147.06743333333344
2025-07-20,08:30-08:50,50.71298333333334
2025-07-20,09:40-10:40,477.5638333333329
2025-07-20,11:10-14:30,3493.6818666666677
2025-07-20,14:50-15:10,50.65428333333318
2025-07-20,15:30-15:40,49.07708333333335
2025-07-20,16:10-16:30,67.63438333333329
2025-07-20,17:00-17:20,113.90083333333303
2025-07-20,17:40-18:10,144.69806666666662
2025-07-20,20:20-21:00,65.54868333333327
2025-07-20,21:30-22:10,106.01541666666674
2025-07-20,22:30-22:50,91.33659999999963
2025-07-20,23:00-23:20,48.94436666666638
2025-07-21,01:20-01:40,71.87566666666658
2025-07-21,02:00-03:00,233.44951666666714
2025-07-21,04:20-04:30,16.0936333333334
2025-07-21,04:40-05:00,40.91371666666663
2025-07-21,05:20-06:10,124.42228333333338
2025-07-21,06:20-06:50,193.68456666666685
2025-07-21,07:00-07:30,126.21708333333339
2025-07-21,07:40-08:10,203.56330000000014
2025-07-21,08:20-09:10,356.8430000000004
2025-07-21,09:20-09:50,165.6876000000002
2025-07-21,11:20-13:40,1838.5253500000001
2025-07-21,14:20-16:30,1160.5225666666665
2025-07-21,16:50-18:00,326.29726666666636
2025-07-21,18:40-18:50,7.405166666666577
2025-07-21,19:10-19:30,14.48911666666672
2025-07-21,20:40-21:00,33.410200000000145
2025-07-21,21:20-21:30,14.298066666666728
2025-07-21,21:40-22:00,5.251566666666804
2025-07-21,22:50-23:00,4.170916666666471
2025-07-21,23:40-00:10+1,81.52098333333333
2025-07-22,00:20-01:20,232.31198333333305
2025-07-22,01:50-02:00,38.65464999999995
2025-07-22,03:10-03:30,15.556966666666767
2025-07-22,03:40-04:30,151.28604999999988
2025-07-22,04:50-06:10,244.2528500000002
2025-07-22,06:40-07:10,35.35941666666679
2025-07-22,07:30-08:00,211.50186666666673
2025-07-22,08:50-11:30,1946.9602166666668
2025-07-22,13:20-15:10,727.6088499999997
2025-07-22,15:20-15:50,106.85593333333338
2025-07-22,16:30-16:50,181.3417833333334
2025-07-22,17:00-17:30,94.67426666666665
2025-07-22,19:30-19:40,18.09999999999991
2025-07-22,19:50-20:30,143.84393333333313
2025-07-22,20:40-21:00,29.376883333334035
2025-07-22,22:00-22:50,227.86490000000003
2025-07-22,23:10-00:00+1,122.14815000000033
2025-07-23,00:20-00:50,50.036350000000084
2025-07-23,01:00-01:40,136.42801666666674
2025-07-23,03:00-03:30,175.73658333333344
2025-07-23,04:00-04:10,11.480000000000018
2025-07-23,04:30-04:40,11.833333333333258
2025-07-23,05:00-05:10,19.948333333333267
2025-07-23,05:30-05:50,43.75243333333325
2025-07-23,06:20-07:40,435.6770333333334
2025-07-23,07:50-09:50,1159.2314666666662
2025-07-23,10:00-10:40,451.8599333333332
2025-07-23,11:00-12:10,843.8313833333334
2025-07-23,13:30-14:00,339.2141833333328
2025-07-23,14:10-15:00,598.2526833333336
2025-07-23,15:40-16:10,128.85851666666701
2025-07-23,16:30-17:30,204.76668333333345
2025-07-23,18:00-18:30,109.59061666666663
2025-07-23,18:40-19:00,28.8105500000002
2025-07-23,19:10-20:00,130.01196666666658
2025-07-23,20:40-21:30,212.0308500000001
2025-07-23,22:10-22:20,8.718249999999898
2025-07-23,22:50-23:00,8.093250000000126
2025-07-23,23:30-00:10+1,88.23088333333351
2025-07-24,00:20-00:50,69.11738333333346
2025-07-24,02:10-02:30,60.4856666666667
2025-07-24,02:40-03:00,41.35388333333333
2025-07-24,03:10-03:40,113.88564999999994
2025-07-24,04:40-04:50,0.31581666666672453
2025-07-24,05:10-06:50,375.75296666666685
2025-07-24,10:30-11:30,696.0179833333334
2025-07-24,11:50-12:10,78.14544999999998
2025-07-24,12:20-14:20,2140.4877666666653
2025-07-24,14:40-15:40,497.8164499999997
2025-07-24,15:50-16:20,277.51458333333335
2025-07-24,17:00-17:20,49.133166666666796
2025-07-24,17:50-18:30,148.45866666666694
2025-07-24,19:00-19:10,29.819999999999936
2025-07-24,19:30-19:40,19.311666666666724
2025-07-24,20:00-20:10,26.81666666666672
2025-07-24,21:30-21:40,21.25666666666666
2025-07-24,21:50-22:40,120.40226666666683
2025-07-24,23:20-23:40,13.119500000000016
2025-07-24,00:00+1-00:10+1,18.700000000000045
2025-07-25,00:10-00:40,75.35020000000009
2025-07-25,01:40-01:50,7.512066666666669
2025-07-25,02:40-03:00,46.403716666666696
2025-07-25,03:10-03:30,64.73744999999997
2025-07-25,03:40-04:00,83.02085000000008
2025-07-25,04:10-04:30,49.583583333333316
2025-07-25,04:40-05:30,166.45523333333327
2025-07-25,06:00-06:10,3.479583333333295
2025-07-25,06:30-07:10,95.83745000000005
2025-07-25,07:40-08:00,83.39651666666839
2025-07-25,10:30-10:50,75.30819999999994
2025-07-25,13:00-13:10,20.179999999999836
2025-07-25,13:30-13:40,33.37833333333333
2025-07-25,14:00-14:10,57.30291666666653
2025-07-25,16:20-16:40,80.33184999999992
2025-07-25,17:30-17:40,27.83250000000004
2025-07-25,18:00-19:00,203.93079999999983
2025-07-25,19:40-20:30,89.09658333333375
2025-07-25,21:20-22:10,107.36553333333325
2025-07-25,23:50-00:10+1,63.916999999999916
2025-07-26,01:00-01:20,126.97061666666661
2025-07-26,02:00-02:30,57.96378333333337
2025-07-26,02:40-03:00,74.59795000000008
2025-07-26,03:10-03:30,22.795949999999948
2025-07-26,04:00-04:20,87.21741666666657
2025-07-26,04:50-05:00,11.769750000000045
2025-07-26,05:40-07:20,603.3991500000003
2025-07-26,07:40-07:50,91.97166666666669
2025-07-26,08:10-08:30,71.6237000000001
2025-07-26,09:00-09:10,88.31375000000014
2025-07-26,10:50-11:00,63.572266666666565
2025-07-26,11:10-11:20,239.9242999999999
2025-07-26,11:30-11:40,135.22875
2025-07-26,12:10-12:20,135.6639
2025-07-26,12:30-12:40,219.8191666666669
2025-07-26,12:50-13:00,85.29065000000014
2025-07-26,13:10-13:20,236.38614999999982
2025-07-26,14:00-14:10,46.01375000000007
2025-07-26,14:20-14:50,221.2113999999999
2025-07-26,15:00-15:10,45.602916666666715
2025-07-26,16:00-16:10,15.545416666666597
2025-07-26,18:00-18:10,5.974583333333243
2025-07-26,18:30-18:50,54.72191666666674
2025-07-26,19:10-19:30,41.79736666666671
2025-07-26,20:30-20:50,60.77171666666652
2025-07-26,21:20-21:40,30.5373666666668
2025-07-26,22:40-23:00,73.50451666666663
2025-07-26,23:10-23:30,70.21541666666667
2025-07-27,00:10-00:40,36.93974999999989
2025-07-27,00:50-01:10,33.486016666666615
2025-07-27,01:20-01:50,242.47204999999997
2025-07-27,02:10-02:30,59.62384999999995
2025-07-27,03:20-03:50,32.457700000000045
2025-07-27,04:10-04:30,64.23221666666647
2025-07-27,04:40-06:40,655.6885666666666
2025-07-27,07:00-09:40,1553.2501500000005
2025-07-27,10:40-11:10,160.68015000000014
2025-07-27,12:40-13:10,100.64974999999981
2025-07-27,13:20-13:40,49.91546666666659
2025-07-27,13:50-15:30,743.9948499999942
2025-07-27,15:50-17:00,389.189133333334
2025-07-27,18:10-19:10,206.28986666666674
2025-07-27,19:30-20:00,43.299683333333505
2025-07-27,20:30-20:40,4.871666666666783
2025-07-27,21:10-21:20,10.76493333333326
2025-07-27,22:20-22:40,37.284266666666895
2025-07-27,23:00-23:40,71.87821666666719
2025-07-27,00:00+1-00:10+1,25.428333333333285
2025-07-28,00:10-00:30,37.15083333333314
2025-07-28,00:50-01:10,25.402699999999868
2025-07-28,01:40-02:00,98.85508333333314
2025-07-28,02:40-03:30,114.92763333333312
2025-07-28,04:00-04:20,25.819033333333323
2025-07-28,05:00-05:20,74.39570000000023
2025-07-28,06:10-07:10,263.0095166666669
2025-07-28,07:30-07:40,0.5729166666666288
2025-07-28,08:10-15:10,3770.3131333333326
2025-07-28,15:30-15:50,32.965449999999805
2025-07-28,16:20-17:30,382.95050000000003
2025-07-28,17:40-18:00,64.68128333333351
2025-07-28,18:10-18:40,139.21965000000003
2025-07-28,20:20-20:40,44.627316666666616
2025-07-28,21:00-21:50,168.80023333333338
2025-07-28,22:00-22:30,106.58611666666673
2025-07-28,23:20-23:50,142.35981666666657
2025-07-29,00:30-00:40,28.091666666666583
2025-07-29,01:30-01:50,89.46141666666676
2025-07-29,02:00-02:30,120.00813333333338
2025-07-29,02:40-03:00,114.7557333333333
2025-07-29,03:50-04:10,24.152450000000037
2025-07-29,05:30-06:00,50.7843500000002
2025-07-29,07:00-07:30,106.02236666666636
2025-07-29,07:40-12:40,3754.0715500000015
2025-07-29,13:10-13:20,34.98186666666675
2025-07-29,14:10-14:30,38.977633333333415
2025-07-29,14:40-14:50,5.070683333333591
2025-07-29,15:10-15:20,30.901633333333393
2025-07-29,15:50-16:20,168.97878333333335
2025-07-29,16:40-17:10,237.43205000000006
2025-07-29,17:30-17:50,43.44343333333319
2025-07-29,18:10-18:30,61.15735000000011
2025-07-29,18:50-19:40,179.81866666666684
2025-07-29,20:30-21:10,76.05098333333547
2025-07-29,21:40-21:50,13.179799999999886
2025-07-29,22:40-22:50,13.025066666666817
2025-07-29,23:50-00:10+1,16.410099999999943
2025-07-30,00:10-00:20,4.402566666666644
2025-07-30,00:50-01:10,105.14141666666671
2025-07-30,02:00-02:30,66.36914999999988
2025-07-30,02:50-03:50,107.4431333333331
2025-07-30,04:00-04:30,68.79148333333333
2025-07-30,04:40-04:50,15.074833333333459
2025-07-30,05:10-05:30,36.89020000000002
2025-07-30,05:40-05:50,24.00791666666653
2025-07-30,06:10-06:30,39.2420833333334
2025-07-30,06:40-07:00,103.13591666666673
2025-07-30,07:30-07:50,98.81329999999986
2025-07-30,08:00-11:10,1486.347666666666
2025-07-30,12:10-13:10,513.74695
2025-07-30,14:00-14:10,24.938333333333503
2025-07-30,15:10-15:40,171.57168333333334
2025-07-30,16:10-16:30,116.79309999999987
2025-07-30,16:40-17:00,31.632850000000246
2025-07-30,17:20-17:30,7.753750000000025
2025-07-30,18:10-18:30,53.95411666666672
2025-07-30,18:40-19:00,65.98658333333339
2025-07-30,20:30-20:40,0.8066666666666151
2025-07-30,20:50-21:10,45.42286666666655
2025-07-30,21:30-21:50,50.63696666666681
2025-07-30,22:50-23:20,37.06663333333313
2025-07-31,01:20-01:40,48.302566666666735
2025-07-31,02:10-02:40,167.33253333333312
2025-07-31,04:00-04:10,3.1533333333333076
2025-07-31,04:20-04:50,135.12066666666672
2025-07-31,05:00-05:10,3.6200000000000045
2025-07-31,05:30-05:50,22.89791666666668
2025-07-31,06:40-06:50,5.0638666666667405
2025-07-31,07:20-10:20,2399.883216666666
2025-07-31,10:40-11:10,173.06966666666608
2025-07-31,11:30-12:30,565.6902499999999
2025-07-31,14:10-14:50,186.59070000000008
2025-07-31,15:40-16:00,107.32515000000024
2025-07-31,17:20-17:50,203.60976666666647
2025-07-31,18:20-19:00,165.91128333333324
2025-07-31,19:20-19:30,20.255400000000122
2025-07-31,19:40-21:10,180.48861666666667
2025-07-31,22:10-22:20,3.745866666666643
2025-07-31,22:40-23:00,100.28899999999987
2025-07-31,23:40-00:10+1,114.34621666666669
2025-08-01,00:10-00:30,6.3154833333333045
2025-08-01,01:00-01:10,21.823333333333267
2025-08-01,01:30-02:20,146.98711666666657
2025-08-01,02:50-03:40,102.28126666666645
2025-08-01,04:00-04:10,66.88833333333326
2025-08-01,04:30-04:50,105.0367500000001
2025-08-01,05:00-05:40,176.93959999999996
2025-08-01,07:20-07:30,35.29799999999989
2025-08-01,08:10-08:20,54.60170000000005
2025-08-01,08:30-08:40,48.126249999999914
2025-08-01,11:10-11:20,26.29198333333329
2025-08-01,16:50-17:10,33.3719500000002
2025-08-01,17:30-18:00,85.48853333333298
2025-08-01,18:40-19:20,79.39679999999974
2025-08-01,20:20-21:00,106.53425000000013
2025-08-01,22:20-22:40,12.51288333333332
2025-08-01,22:50-23:20,133.1220333333332
2025-08-02,00:10-00:40,53.473150000000146
2025-08-02,01:30-01:50,27.91930000000002
2025-08-02,02:00-02:20,34.950966666666545
2025-08-02,03:20-04:00,92.86985000000003
2025-08-02,04:30-04:50,32.616083333333336
2025-08-02,05:20-05:40,9.785333333333297
2025-08-02,06:00-06:20,15.8105166666667
2025-08-02,07:10-07:30,71.23081666666667
2025-08-02,08:00-08:10,24.14958333333334
2025-08-02,10:30-10:40,43.80041666666648
2025-08-02,15:50-16:00,105.45466666666596
2025-08-02,16:10-16:30,63.84131666666667
2025-08-02,17:40-18:00,14.41139999999993
2025-08-02,18:10-18:40,139.6337333333331
2025-08-02,19:00-19:20,47.38111666666664
2025-08-02,19:50-20:20,28.381183333333304
2025-08-02,20:50-21:10,46.228716666666855
2025-08-02,22:20-22:30,5.574416666666707
2025-08-02,23:30-00:10+1,161.09208333333333
2025-08-03,00:40-01:00,31.580516666666767
2025-08-03,01:50-02:00,27.274700000000053
2025-08-03,02:20-02:40,5.084166666666647
2025-08-03,03:00-03:10,25.146666666666647
2025-08-03,03:30-03:50,44.77128333333337
2025-08-03,04:00-04:40,53.9663333333336
2025-08-03,05:40-06:10,34.96803333333328
2025-08-03,06:50-07:00,23.998833333333323
2025-08-03,11:20-11:50,55.45001666666667
2025-08-03,17:30-17:40,7.65416666666664
2025-08-03,17:50-18:10,21.622899999999902
2025-08-03,18:30-20:20,353.9718166666667
2025-08-03,20:50-23:00,399.82291666666663
2025-08-03,23:30-23:50,17.844916666666677
2025-08-04,00:30-01:00,68.40055000000007
2025-08-04,03:30-04:10,206.2980166666668
2025-08-04,04:20-04:50,139.81706666666645
2025-08-04,05:50-06:10,43.74216666666662
2025-08-04,07:20-07:30,5.635433333333481
2025-08-04,18:10-18:20,3.622133333333352
2025-08-04,18:40-19:10,191.95656666666656
2025-08-04,20:00-20:20,41.442266666666725
2025-08-04,21:50-22:00,8.452499999999986
2025-08-04,22:10-22:50,103.38384999999982
2025-08-04,23:00-23:20,47.574916666666695
2025-08-04,23:50-00:10+1,74.82888333333324
2025-08-05,00:10-00:20,32.571833333333416
2025-08-05,00:40-01:30,164.80601666666632
2025-08-05,02:20-02:30,42.96491666666657
2025-08-05,04:00-04:10,7.676666666666733
2025-08-05,04:30-05:00,99.33438333333326
2025-08-05,05:50-07:00,258.40295
2025-08-05,08:10-08:20,10.566333333333205
2025-08-05,15:40-15:50,7.02098333333322
2025-08-05,17:10-17:30,57.24265000000014
2025-08-05,17:50-18:10,59.34243333333322
2025-08-05,18:30-18:50,51.783300000000054
2025-08-05,19:50-20:30,72.30413333333306
2025-08-05,21:10-21:30,149.27585
2025-08-05,21:50-22:40,155.8601833333338
2025-08-05,22:50-23:10,33.8892166666667
2025-08-05,23:30-00:00+1,44.06198333333316
2025-08-06,00:20-00:50,70.55353333333335
2025-08-06,01:20-01:40,38.76778333333334
2025-08-06,02:40-02:50,39.23923333333323
2025-08-06,03:20-04:00,99.7770000000001
2025-08-06,05:00-05:10,1.2483333333333348
2025-08-06,05:30-06:10,166.90275000000003
2025-08-06,06:30-06:40,2.542916666666713
2025-08-06,13:10-15:20,1220.9894333333336
2025-08-06,15:30-16:10,145.36888333333343
2025-08-06,17:50-18:10,41.43135000000018
2025-08-06,18:30-18:50,82.74353333333339
2025-08-06,19:20-19:30,0.3435666666665611
2025-08-06,20:10-20:20,14.321533333333246
2025-08-06,21:10-22:10,165.34463333333304
2025-08-06,22:30-22:50,94.67323333333343
2025-08-06,23:10-00:10+1,228.08873333333304
2025-08-07,00:10-00:30,113.37284999999997
2025-08-07,00:40-01:20,163.24865
2025-08-07,01:40-02:20,82.92821666666691
2025-08-07,02:40-03:00,37.15084999999999
2025-08-07,03:10-03:30,35.19920000000013
2025-08-07,04:10-04:30,60.361883333333395
2025-08-07,05:10-05:30,74.46674999999985
2025-08-07,06:00-06:10,9.320833333333326
2025-08-07,06:30-07:10,217.02349999999996
2025-08-07,07:30-07:50,76.8710666666666
2025-08-07,18:00-18:10,3.768750000000068
2025-08-07,18:20-18:50,26.116100000000063
2025-08-07,19:00-19:10,5.6299999999999955
2025-08-07,19:40-19:50,4.425449999999849
2025-08-07,20:10-20:30,54.124949999999885
2025-08-07,21:10-21:30,4.348299999999995
2025-08-07,21:50-22:40,211.18798333333314
2025-08-07,23:00-23:40,166.98043333333328
2025-08-08,00:30-00:40,9.834999999999923
2025-08-08,01:10-01:30,61.60220000000004
2025-08-08,02:30-02:40,31.383333333333326
2025-08-08,05:30-07:50,782.3059166666668
2025-08-08,09:10-09:20,38.788333333333185
2025-08-08,09:30-09:40,25.32000000000039
2025-08-08,16:30-16:40,66.97958333333338
2025-08-08,17:00-17:30,67.08789999999999
2025-08-08,18:00-18:30,115.23766666666694
2025-08-08,20:10-20:30,28.318850000000012
2025-08-08,20:50-21:20,85.15090000000009
2025-08-08,21:50-22:20,179.62641666666661
2025-08-08,22:30-22:50,63.85905000000014
2025-08-08,23:30-23:50,44.39263333333338
2025-08-09,00:10-00:20,3.1829166666666424
2025-08-09,00:40-01:20,177.09421666666663
2025-08-09,01:50-02:10,18.91260000000011
2025-08-09,02:30-03:00,62.43178333333333
2025-08-09,04:30-04:40,18.039999999999907
2025-08-09,05:30-06:40,205.89143333333345
2025-08-09,06:50-07:30,218.5057666666666
2025-08-09,11:10-11:30,235.0078833333332
2025-08-09,12:00-12:10,32.11041666666665
2025-08-09,12:20-12:30,24.52706666666677
2025-08-09,12:40-12:50,98.3134500000001
2025-08-09,13:00-13:20,106.49708333333342
2025-08-09,16:50-17:40,180.82283333333356
2025-08-09,18:00-18:10,14.580833333333288
2025-08-09,18:40-19:00,11.956549999999973
2025-08-09,19:10-19:30,36.066749999999885
2025-08-09,21:10-23:20,576.1766499999998
2025-08-10,00:20-00:40,99.6552833333335
2025-08-10,01:00-01:10,7.0316666666667516
2025-08-10,01:30-01:40,64.78166666666675
2025-08-10,02:00-02:10,10.261666666666656
2025-08-10,02:40-03:00,81.83365000000015
2025-08-10,03:10-03:20,9.943200000000047
2025-08-10,04:00-04:10,25.740000000000123
2025-08-10,04:40-04:50,0.49796666666668443
2025-08-10,05:10-05:30,14.798333333333344
2025-08-10,05:50-06:00,1.2870500000001215
2025-08-10,06:20-06:40,15.497616666666715
2025-08-10,08:00-08:10,9.960416666666788
2025-08-10,08:20-09:20,309.5144999999999
2025-08-10,09:30-10:30,512.4065333333338
2025-08-10,11:50-14:30,2898.586683333333
2025-08-10,14:50-16:20,451.7543333333293
2025-08-10,16:40-17:50,483.838683333333
2025-08-10,18:10-18:40,66.9624833333335
2025-08-10,20:20-20:50,71.33240000000228
2025-08-10,23:00-23:20,103.1895333333332
2025-08-10,23:30-00:10+1,51.8201333333335
2025-08-11,00:20-00:50,77.8872333333336
2025-08-11,01:00-01:30,159.34214999999983
2025-08-11,01:40-01:50,0.15746666666655074
2025-08-11,02:20-02:40,9.693750000000136
2025-08-11,03:00-03:30,111.45731666666666
2025-08-11,04:50-05:00,4.825333333333259
2025-08-11,05:30-05:50,47.67569999999996
2025-08-11,06:10-06:20,1.1535666666665065
2025-08-11,06:50-07:00,13.331050000000062
2025-08-11,07:20-10:20,1501.2161666666675
2025-08-11,11:20-11:30,60.55769999999961
2025-08-11,12:00-13:10,350.22145000000023
2025-08-11,14:40-15:30,129.8828500000003
2025-08-11,16:50-17:00,42.06921666666659
2025-08-11,17:50-18:10,44.8073
2025-08-11,18:20-18:40,92.39434999999989
2025-08-11,19:00-19:50,197.64119999999988
2025-08-11,20:10-21:00,80.11663333333847
2025-08-11,22:00-22:30,85.57021666666674
2025-08-11,22:50-23:10,67.40876666666645
2025-08-11,23:40-23:50,18.10699999999997
2025-08-12,00:10-00:40,82.19698333333338
2025-08-12,01:00-01:10,5.620000000000118
2025-08-12,01:50-02:10,17.36386666666681
2025-08-12,02:30-02:40,7.486666666666679
2025-08-12,03:00-03:50,206.15746666666655
2025-08-12,04:10-04:30,33.521916666666634
2025-08-12,05:00-05:50,177.60239999999976
2025-08-12,07:00-07:20,24.49296666666669
2025-08-12,07:40-07:50,30.45484999999985
2025-08-12,08:50-09:10,39.65296666666677
2025-08-12,09:20-10:00,423.257333333333
2025-08-12,10:10-10:30,177.0210499999996
2025-08-12,10:50-11:20,151.19056666666688
2025-08-12,12:20-17:10,2580.8535
2025-08-12,17:20-19:00,502.729466666666
2025-08-12,19:10-20:10,205.27563333333367
2025-08-12,20:30-21:10,126.90381666666667
2025-08-12,22:30-22:50,9.882166666666762
2025-08-13,00:50-01:10,94.63358333333349
2025-08-13,01:30-01:50,72.12295000000006
2025-08-13,02:10-03:20,159.99261666666666
2025-08-13,04:00-04:10,17.754999999999995
2025-08-13,04:30-05:10,172.64783333333344
2025-08-13,05:30-05:40,37.81291666666672
2025-08-13,06:00-06:20,98.1546666666668
2025-08-13,06:40-07:00,105.23105000000015
2025-08-13,07:10-08:00,205.85894999999982
2025-08-13,09:00-11:40,1369.2436833333327
2025-08-13,11:50-12:20,254.51789999999937
2025-08-13,12:30-12:40,16.605416666666315
2025-08-13,13:00-13:10,54.65041666666639
2025-08-13,14:10-14:20,46.98761666666542
2025-08-13,17:20-18:00,109.97916666666663
2025-08-13,18:20-19:40,253.18056666666638
2025-08-13,20:30-21:00,67.46663333333345
2025-08-13,22:00-22:20,50.29210000000012
2025-08-13,22:50-23:10,59.86926666666659
2025-08-14,00:20-00:50,39.94951666666634
2025-08-14,01:10-01:20,17.209733333333247
2025-08-14,01:50-02:00,21.178666666666686
2025-08-14,02:40-03:00,21.92904999999996
2025-08-14,03:30-04:10,225.48359999999994
2025-08-14,04:30-04:50,31.003250000000094
2025-08-14,05:30-07:20,472.3587
2025-08-14,07:40-08:00,48.06131666666681
2025-08-14,08:10-08:30,271.8066
2025-08-14,08:40-10:50,1321.9126
2025-08-14,11:30-13:50,1471.3190500000003
2025-08-14,14:40-14:50,9.855466666662778
2025-08-14,16:20-18:40,653.5959666666668
2025-08-14,19:00-19:30,131.66133333333318
2025-08-14,20:30-21:30,286.07551666666666
2025-08-14,21:40-21:50,29.54936666666663
2025-08-14,22:40-23:20,65.78870000000029
2025-08-14,23:40-00:10+1,59.85736666666662
2025-08-15,00:10-00:20,0.5444999999999709
2025-08-15,00:40-01:00,103.84529999999995
2025-08-15,01:30-03:00,166.05468333333351
2025-08-15,04:10-04:30,86.02278333333331
2025-08-15,04:50-06:00,293.3851000000002
2025-08-15,06:20-07:30,145.59580000000003
2025-08-15,10:00-10:20,73.17124999999987
2025-08-15,11:00-11:10,2.340416666666897
2025-08-15,12:50-13:00,90.90955000000008
2025-08-15,13:50-14:00,93.68088333333321
2025-08-15,14:40-14:50,75.2526499999999
2025-08-15,15:10-15:30,136.6253666666663
2025-08-15,15:40-16:00,181.13564999999983
2025-08-15,16:10-17:10,207.8606166666662
2025-08-15,17:40-18:00,28.029616666666783
2025-08-15,18:30-18:40,17.780416666666703
2025-08-15,19:00-19:30,45.16049999999983
2025-08-15,19:50-20:20,65.9069666666669
2025-08-15,20:30-21:00,56.68775000000005
2025-08-15,21:10-21:50,148.17605000000015
2025-08-15,22:10-22:30,14.246183333333192
2025-08-15,23:00-00:10+1,249.56470000000013
2025-08-16,00:10-00:20,20.892033333333302
2025-08-16,01:10-01:30,121.44945000000007
2025-08-16,01:40-02:00,40.304233333333286
2025-08-16,02:20-02:30,3.6386333333333596
2025-08-16,03:00-03:30,68.32618333333335
2025-08-16,03:40-04:10,92.57416666666671
2025-08-16,04:40-05:20,176.6332166666667
2025-08-16,05:40-06:10,90.67253333333359
2025-08-16,06:30-06:50,25.211816666666607
2025-08-16,09:50-10:00,7.505200000000286
2025-08-16,10:10-10:20,33.27138333333323
2025-08-16,14:00-14:10,146.2158333333332
2025-08-16,14:40-14:50,146.6021166666667
2025-08-16,15:40-15:50,38.272899999999936
2025-08-16,16:10-16:20,28.423416666666526
2025-08-16,16:40-17:00,51.189649999999915
2025-08-16,18:00-19:10,170.79561666666663
2025-08-16,19:30-19:50,104.28636666666671
2025-08-16,20:20-20:50,176.8227333333332
2025-08-16,22:10-22:30,36.818833333333714
2025-08-16,23:20-23:40,44.69035000000008
2025-08-17,00:30-00:50,27.649333333333402
2025-08-17,01:20-01:30,3.8639833333332945
2025-08-17,02:10-02:40,149.7156000000001
2025-08-17,03:10-04:00,171.05906666666692
2025-08-17,05:00-05:50,100.8933000000001
2025-08-17,06:00-08:00,879.2281166666664
2025-08-17,08:50-09:40,244.96069999999986
2025-08-17,10:00-10:20,31.291416666666464
2025-08-17,15:00-15:20,113.57251666666684
2025-08-17,16:10-16:30,124.10616666666647
2025-08-17,17:10-17:30,8.847816666666859
2025-08-17,17:40-18:00,90.75516666666675
2025-08-17,18:20-19:00,165.97850000000005
2025-08-17,19:10-20:00,217.06481666666684
2025-08-17,20:30-20:40,3.5283333333333076
2025-08-17,21:30-22:10,105.30226666666658
2025-08-17,22:50-23:00,15.311666666666724
2025-08-17,23:50-00:10+1,38.02271666666684
2025-08-18,00:10-00:20,49.39956666666694
2025-08-18,01:30-02:30,282.8052666666666
2025-08-18,02:40-03:10,57.77339999999981
2025-08-18,03:50-04:20,73.40013333333332
2025-08-18,04:40-05:00,43.734966666666665
2025-08-18,05:10-06:40,479.41460000000006
2025-08-18,07:00-07:10,34.27083333333326
2025-08-18,08:00-08:50,209.56026666666628
2025-08-18,09:50-10:00,6.56860000000006
2025-08-18,10:20-11:10,484.25258333333363
2025-08-18,13:20-14:50,1110.3425333333328
2025-08-18,15:00-15:10,11.167083333333267
2025-08-18,15:50-17:10,337.84498333333323
2025-08-18,17:20-18:00,292.6399
2025-08-18,18:10-18:20,4.300300000000007
2025-08-18,18:40-19:00,44.58456666666672
2025-08-18,19:10-19:30,66.54958333333337
2025-08-18,19:50-20:10,53.33038333333328
2025-08-18,20:30-20:50,125.6749000000001
2025-08-18,21:00-21:30,27.488616666666644
2025-08-18,21:40-22:00,67.42063333333329
2025-08-18,23:00-23:20,35.96218333333309
2025-08-19,00:40-01:10,94.19646666666665
2025-08-19,01:20-01:40,24.499383333333412
2025-08-19,01:50-02:20,144.0255833333332
2025-08-19,02:30-03:00,113.0336166666666
2025-08-19,03:40-04:10,15.777283333333429
2025-08-19,04:30-05:00,136.5326000000001
2025-08-19,05:30-06:00,42.27404999999978
2025-08-19,06:20-06:50,87.79831666666692
2025-08-19,07:10-07:30,65.22195000000022
2025-08-19,08:00-08:10,26.697916666666742
2025-08-19,08:20-09:00,317.360533333333
2025-08-19,11:30-12:30,188.62490000000003
2025-08-19,14:00-14:20,126.82758333332913
2025-08-19,15:00-15:10,2.374583333333476
2025-08-19,16:00-16:10,4.028750000000173
2025-08-19,18:20-18:40,59.03321666666687
2025-08-19,19:30-19:50,98.07928333333302
2025-08-19,20:00-20:30,87.80575000000002
2025-08-19,21:00-21:10,0.08500000000003638
2025-08-19,21:20-22:00,174.65716666666674
2025-08-19,22:50-23:00,21.994249999999738
2025-08-19,23:10-23:20,6.187716666666574
2025-08-19,23:40-00:10+1,40.81421666666665
2025-08-20,00:20-00:50,113.14976666666678
2025-08-20,01:50-02:30,128.80610000000001
2025-08-20,03:10-03:30,48.20089999999993
2025-08-20,04:00-04:10,6.543333333333294
2025-08-20,05:30-10:00,3161.5576166666674
2025-08-20,10:20-10:30,14.334550000000036
2025-08-20,11:40-13:00,990.9128666666668
2025-08-20,13:20-14:10,287.32385
2025-08-20,14:30-15:10,499.7610666666666
2025-08-20,15:30-15:50,169.7096833333335
2025-08-20,16:20-17:40,492.0143499999997
2025-08-20,18:00-18:20,141.29935
2025-08-20,19:10-19:30,11.671350000000182
2025-08-20,19:40-20:30,264.6449166666665
2025-08-20,21:00-21:10,64.30499999999995
2025-08-20,22:20-22:40,32.71291666666673
2025-08-20,23:00-00:10+1,269.43248333333315
2025-08-21,00:10-00:30,35.903616666666494
2025-08-21,01:00-01:10,7.966666666666697
2025-08-21,01:20-01:40,53.693283333333284
2025-08-21,02:50-03:30,202.78138333333334
2025-08-21,04:00-04:20,36.650500000000065
2025-08-21,04:40-05:20,199.12849999999992
2025-08-21,05:30-05:50,16.636466666666248
2025-08-21,07:20-07:30,15.701733333333323
2025-08-21,09:40-10:00,81.93904999999995
2025-08-21,10:20-10:30,17.458199999999806
2025-08-21,11:00-12:00,345.9723833333328
2025-08-21,12:20-12:50,324.6354666666664
2025-08-21,13:10-15:40,2078.1670333333336
2025-08-21,18:10-18:30,193.4094499999999
2025-08-21,18:40-19:00,34.03624999999996
2025-08-21,19:20-20:00,34.61073333333376
2025-08-21,20:20-20:40,36.68668333333319
2025-08-21,21:30-21:40,20.079999999999927
2025-08-21,22:00-22:40,177.28926666666678
2025-08-21,23:20-23:40,36.81188333333341
2025-08-21,00:00+1-00:10+1,9.99666666666667
2025-08-22,00:30-00:40,30.168333333333294
2025-08-22,01:40-02:00,100.47090000000003
2025-08-22,02:10-02:20,7.459300000000098
2025-08-22,02:40-03:30,193.66516666666655
2025-08-22,03:40-04:10,158.63938333333337
2025-08-22,04:30-05:00,77.89586666666673
2025-08-22,05:30-06:30,178.87824999999978
2025-08-22,08:20-08:30,64.48553333333336
2025-08-22,09:30-09:40,60.84375000000023
2025-08-22,11:00-11:10,5.930000000000064
2025-08-22,11:30-11:40,161.55499999999984
2025-08-22,13:00-13:20,213.80796666666674
2025-08-22,13:30-14:10,749.3691000000001
2025-08-22,15:10-15:20,115.33931666666683
2025-08-22,15:50-18:40,853.1658166666656
2025-08-22,18:50-19:50,193.78713333333351
2025-08-22,20:30-20:50,105.60423333333324
2025-08-22,21:00-21:40,73.89743333333308
2025-08-22,22:00-22:50,245.34608333333335
2025-08-23,00:20-01:00,55.20246666666674
2025-08-23,02:30-02:40,4.223333333333358
2025-08-23,03:10-03:30,71.57571666666672
2025-08-23,03:40-03:50,0.1596166666666474
2025-08-23,04:10-04:40,86.99751666666664
2025-08-23,05:00-06:00,122.8634666666667
2025-08-23,06:10-07:10,144.26793333333356
2025-08-23,07:50-08:10,170.54448333333312
2025-08-23,09:00-09:10,263.6745833333333
2025-08-23,09:30-10:10,722.0375666666664
2025-08-23,10:20-10:30,176.0124999999996
2025-08-23,11:10-11:30,216.37023333333332
2025-08-23,12:00-12:10,46.8266666666666
2025-08-23,14:00-14:10,5.204583333333403
2025-08-23,15:40-15:50,27.270833333332916
2025-08-23,16:00-16:50,207.15906666666683
2025-08-23,17:00-18:30,210.74634999999998
2025-08-23,19:40-20:10,47.1202333333334
2025-08-23,20:40-21:00,49.245733333333305
2025-08-23,21:20-22:00,164.64646666666658
2025-08-23,22:40-23:20,84.62021666666703
2025-08-23,23:40-00:10+1,105.91856666666672
2025-08-24,00:10-00:30,38.77668333333338
2025-08-24,00:40-01:30,91.95513333333338
2025-08-24,01:50-02:30,62.026616666666655
2025-08-24,03:30-04:20,75.46923333333336
2025-08-24,05:30-07:10,274.3290999999999
2025-08-24,07:40-08:00,80.09831666666673
2025-08-24,08:10-08:40,175.32975000000056
2025-08-24,08:50-09:40,221.1431333333337
2025-08-24,10:40-11:00,236.9767666666662
2025-08-24,11:10-11:30,224.7423166666672
2025-08-24,13:50-17:50,2275.4110999999975
2025-08-24,18:00-18:30,215.09038333333325
2025-08-24,18:50-19:10,44.50346666666654
2025-08-24,19:50-20:10,20.79630000000005
2025-08-24,20:40-21:50,156.8484166666667
2025-08-24,22:20-22:50,107.65675000000033
2025-08-24,23:10-23:30,132.51456666666695
2025-08-25,00:40-01:30,137.57230000000004
2025-08-25,02:40-03:00,26.852150000000165
2025-08-25,04:00-04:30,108.83934999999995
2025-08-25,05:00-05:20,46.38413333333318
2025-08-25,05:30-06:00,45.813649999999996
2025-08-25,06:20-08:10,756.1306000000004
2025-08-25,09:20-09:40,78.93508333333375
2025-08-25,10:10-17:30,6840.721216666667
2025-08-25,17:50-18:40,148.57846666666654
2025-08-25,19:30-19:50,107.65155000000004
2025-08-25,20:10-20:30,19.707399999999886
2025-08-25,21:00-21:10,1.628333333333444
2025-08-25,22:00-22:20,21.96091666666689
2025-08-25,22:40-23:00,44.49913333333325
2025-08-25,23:10-23:40,103.09498333333363
2025-08-26,00:30-00:40,7.506666666666661
2025-08-26,01:10-01:30,63.87761666666654
2025-08-26,02:40-03:10,52.34850000000006
2025-08-26,03:40-04:40,93.94936666666642
2025-08-26,06:00-09:50,1506.8492666666675
2025-08-26,10:30-11:00,269.61133333333373
2025-08-26,12:30-12:50,83.05573333333291
2025-08-26,13:00-14:00,601.9493166666668
2025-08-26,14:20-14:50,82.31621666666524
2025-08-26,15:10-15:50,142.01533333333316
2025-08-26,16:10-17:30,888.7164166666664
2025-08-26,17:40-18:30,115.96733333333296
2025-08-26,19:10-19:20,25.735950000000116
2025-08-26,20:40-21:00,56.12043333333327
2025-08-26,21:10-21:30,31.981433333333484
2025-08-26,22:00-22:20,36.97169999999983
2025-08-26,23:00-23:10,8.508333333333212
2025-08-26,23:30-23:40,33.813333333333276
2025-08-27,00:10-00:20,20.66551666666669
2025-08-27,01:10-01:30,56.07463333333328
2025-08-27,01:40-01:50,12.844799999999964
2025-08-27,02:20-02:40,36.72896666666679
2025-08-27,03:30-04:00,65.88581666666676
2025-08-27,04:10-04:40,82.62348333333321
2025-08-27,05:00-05:30,79.54171666666662
2025-08-27,06:00-06:20,40.60816666666675
2025-08-27,09:30-09:40,1.6500000000003183
2025-08-27,13:00-13:10,2.0070833333329574
2025-08-27,14:00-14:50,291.09438333333173
2025-08-27,15:10-18:00,1285.8941999999988
2025-08-27,18:20-19:10,130.10361666666657
2025-08-27,19:30-19:40,11.69833333333338
2025-08-27,20:40-20:50,18.177700000001437
2025-08-27,21:10-21:30,21.438299999999685
2025-08-27,21:40-22:30,78.53893333333315
2025-08-27,22:40-22:50,4.485866666666652
2025-08-28,01:10-01:30,62.455200000000104
2025-08-28,01:40-02:00,25.169216666666784
2025-08-28,02:10-02:30,88.86014999999998
2025-08-28,03:10-03:40,31.89371666666682
2025-08-28,04:30-04:50,60.09981666666653
2025-08-28,05:20-05:30,12.015616666666574
2025-08-28,05:50-06:40,268.6335333333335
2025-08-28,06:50-11:40,4933.9367666666685
2025-08-28,12:00-12:30,186.47396666666646
2025-08-28,12:50-13:10,44.989166666666506
2025-08-28,14:30-14:40,19.038749999999936
2025-08-28,14:50-15:20,208.95279999999968
2025-08-28,15:50-17:50,1009.6207333333332
2025-08-28,18:30-18:40,70.70999999999992
2025-08-28,19:00-19:10,79.14499999999998
2025-08-28,20:00-20:20,87.43921666666665
2025-08-28,21:20-22:00,135.42983333333325
2025-08-28,22:20-22:30,7.288649999999961
2025-08-28,23:00-23:20,118.95683333333352
2025-08-28,23:30-23:40,10.399999999999977
2025-08-29,00:10-00:30,12.017916666666679
2025-08-29,00:50-01:10,108.1461833333334
2025-08-29,04:40-05:00,4.626400000000055
2025-08-29,05:10-05:30,25.11466666666664
2025-08-29,05:50-07:50,997.6856333333336
2025-08-29,08:10-08:30,223.64189999999996
2025-08-29,09:00-09:20,323.37436666666656
2025-08-29,09:40-10:00,73.52104999999983
2025-08-29,10:20-10:40,75.64744999999994
2025-08-29,10:50-11:00,6.515916666666726
2025-08-29,11:30-11:50,153.77880000000005
2025-08-29,12:10-12:20,20.31444999999985
2025-08-29,13:30-13:40,1.8324999999999818
2025-08-29,15:50-16:10,42.56651666666676
2025-08-29,16:30-16:40,7.510416666666629
2025-08-29,17:00-17:20,116.22111666666666
2025-08-29,17:30-18:00,94.6441166666666
2025-08-29,18:40-18:50,32.280033333333336
2025-08-29,20:00-20:30,172.1417499999999
2025-08-29,20:50-21:10,22.22143333333338
2025-08-29,22:00-22:20,29.613983333333408
2025-08-29,22:50-00:00+1,124.82526666666672
2025-08-30,00:10-00:30,30.588550000000055
2025-08-30,00:50-03:00,291.5035333333332
2025-08-30,03:30-03:40,3.305000000000007
2025-08-30,04:00-04:50,77.81006666666673
2025-08-30,05:20-05:50,81.62249999999987
2025-08-30,06:00-06:30,97.20956666666659
2025-08-30,07:10-07:20,21.385433333333424
2025-08-30,11:40-11:50,0.19178333333320552
2025-08-30,13:50-14:00,3.6835000000000946
2025-08-30,14:40-15:00,238.40676666666639
2025-08-30,15:30-15:40,157.59208333333333
2025-08-30,16:00-16:50,236.12695000000008
2025-08-30,17:10-18:40,343.19845
2025-08-30,19:10-19:40,76.09871666666659
2025-08-30,20:10-20:20,23.35368333333338
2025-08-30,20:40-21:00,65.20280000000014
2025-08-30,22:00-22:30,49.89781666666693
2025-08-30,22:40-23:00,38.04338333333294
2025-08-30,23:20-23:50,130.64179999999988
2025-08-30,00:00+1-00:10+1,2.3599999999999
2025-08-31,01:30-02:10,41.655766666666864
2025-08-31,03:00-03:10,0.16666666666662877
2025-08-31,04:20-04:50,111.45868333333335
2025-08-31,05:00-05:20,22.353283333333277
2025-08-31,05:50-06:40,211.00238333333346
2025-08-31,07:00-08:10,409.037766666667
2025-08-31,08:40-08:50,21.200916666666785
2025-08-31,09:40-10:10,624.7920833333333
2025-08-31,10:20-13:40,3437.7425333333335
2025-08-31,14:50-16:20,342.876883333333
2025-08-31,16:40-17:10,98.83106666666652
2025-08-31,18:10-18:30,18.77201666666662
2025-08-31,19:10-19:40,115.89318333333316
2025-08-31,20:10-20:30,84.03894999999989
2025-08-31,20:40-21:00,37.61640000000136
2025-08-31,21:50-22:00,7.927333333333422
2025-08-31,22:50-23:10,82.5674166666663
2025-08-31,23:30-23:40,23.24666666666667
2025-09-01,09:50-10:20,164.09686666666676
2025-09-01,11:10-11:30,35.09743333333313
2025-09-02,05:40-06:10,142.41563333333332
2025-09-02,06:30-07:20,205.810216666667
2025-09-02,08:10-08:20,12.82361666666668
2025-09-02,08:40-09:30,146.30499999999995
2025-09-02,09:40-11:10,469.3830666666661
2025-09-02,11:40-12:20,209.80901666666705
2025-09-03,05:00-05:10,12.068333333333271
2025-09-03,05:50-06:00,11.937949999999976
2025-09-03,06:30-06:50,59.872166666666914
2025-09-03,09:50-10:30,93.77053333333379
2025-09-03,10:50-11:30,41.11871666666684
2025-09-03,12:40-12:50,6.836749999999938
2025-09-03,13:10-13:30,23.086750000000166
2025-09-03,15:10-15:30,67.76139999999828
2025-09-03,15:50-16:00,8.52961666666647
2025-09-04,05:40-05:50,21.233683333333374
2025-09-04,06:10-07:00,110.58261666666657
2025-09-04,08:00-08:10,19.480000000000018
2025-09-04,15:20-15:50,201.6132333333336
2025-09-04,16:00-16:20,97.9420666666665
2025-09-05,06:20-06:30,8.20171666666667
2025-09-05,12:40-13:00,184.9233833333335
2025-09-06,03:40-04:00,9.155850000000038
2025-09-06,05:50-06:10,69.85683333333334
2025-09-06,06:20-07:50,514.8022166666666
2025-09-06,08:30-08:50,159.05538333333322
2025-09-06,09:00-09:10,254.08666666666682
2025-09-06,10:30-10:40,115.41374999999994
2025-09-06,10:50-11:00,72.86946666666654
2025-09-06,11:20-11:30,9.665883333332886
2025-09-07,05:20-05:40,71.75675000000004
2025-09-07,06:40-07:00,49.28181666666657
2025-09-07,08:00-09:30,693.2240499999997
2025-09-07,10:10-10:30,61.9521000000002
2025-09-07,12:30-13:00,108.13056666666648
2025-09-07,13:10-14:00,243.74898333333317
2025-09-08,01:00-01:20,29.539083333333224
2025-09-08,01:50-02:10,25.392950000000155
2025-09-08,02:30-02:40,12.226666666666688
2025-09-08,03:10-03:20,9.56868333333341
2025-09-08,03:50-04:30,61.55336666666683
2025-09-08,04:40-06:30,439.21196666666697
2025-09-08,06:50-10:20,1358.6924166666665
2025-09-08,10:40-11:00,165.08353333333343
2025-09-08,12:20-12:30,20.5472666666667
2025-09-08,12:50-18:20,4622.043349999997
2025-09-08,18:30-18:50,74.61528333333354
2025-09-08,20:20-20:40,23.047816666666336
2025-09-08,21:00-21:20,39.99935000000016
2025-09-08,21:30-22:00,111.25676666666664
2025-09-08,22:50-23:10,86.64618333333328
2025-09-08,23:50-00:10+1,106.52606666666668
2025-09-09,00:30-00:40,5.526666666666756
2025-09-09,01:00-01:20,24.229016666666666
2025-09-09,02:00-03:40,197.80581666666671
2025-09-09,04:10-04:30,76.00111666666669
2025-09-09,04:50-05:10,5.23461666666665
2025-09-09,05:30-05:50,46.16624999999999
2025-09-09,06:10-07:00,60.19476666666668
2025-09-09,07:20-07:50,63.47221666666667
2025-09-09,11:10-11:40,64.79993333333346
2025-09-09,13:00-13:20,33.49685000000022
2025-09-09,14:00-14:10,7.429166666667015
2025-09-09,14:40-17:20,1876.8544251028834
2025-09-09,17:30-18:40,372.7603
2025-09-09,19:30-19:50,20.33076666666659
2025-09-09,20:10-20:40,115.65573333333343
2025-09-09,21:00-21:40,97.80216666666627
2025-09-09,22:00-22:10,26.535000000000082
2025-09-09,22:50-23:20,53.91391666666664
2025-09-09,23:50-00:10+1,70.94601666666665
2025-09-10,00:40-02:00,284.7896999999999
2025-09-10,02:20-02:40,10.376416666666842
2025-09-10,03:30-04:00,93.26805000000002
2025-09-10,04:20-04:30,15.43303333333332
2025-09-10,04:40-04:50,17.572749999999928
2025-09-10,05:50-10:50,3884.943366666667
2025-09-10,11:00-11:10,10.439166666666779
2025-09-10,11:40-15:10,2776.480233333332
2025-09-10,15:30-15:40,48.61166666666679
2025-09-10,16:30-16:40,26.945416666666688
2025-09-10,17:20-17:40,34.86041666666665
2025-09-10,17:50-18:10,45.158749999999976
2025-09-10,19:30-20:00,98.15849999999992
2025-09-10,20:20-20:40,141.63633333333303
2025-09-10,21:30-22:00,91.45498333333342
2025-09-10,23:50-00:10+1,66.1129666666667
2025-09-11,00:10-00:30,96.22261666666657
2025-09-11,01:00-01:40,47.13928333333331
2025-09-11,02:00-02:30,62.30345000000011
2025-09-11,02:40-02:50,4.101783333333401
2025-09-11,03:20-03:50,30.321116666666967
2025-09-11,04:10-04:40,40.32196666666664
2025-09-11,05:00-05:20,3.164199999999937
2025-09-11,05:40-06:40,46.2823166666668
2025-09-11,06:50-07:50,95.05293333333367
2025-09-11,08:10-11:20,2028.3838333333342
2025-09-11,15:00-15:10,43.85583333333352
2025-09-11,15:50-16:00,16.568550000000073
2025-09-11,16:30-16:40,16.222916666666663
2025-09-11,17:00-17:10,19.045000000000016
2025-09-11,17:30-17:50,67.3894666666667
2025-09-11,18:20-18:50,90.38463333333318
2025-09-11,19:20-19:30,8.302916666666647
2025-09-11,20:30-20:50,67.2056
2025-09-11,21:00-21:50,222.69103333333294
2025-09-11,22:00-22:10,2.4416666666667197
2025-09-11,22:30-23:00,109.20134999999982
2025-09-12,00:20-00:50,55.788466666666636
2025-09-12,01:00-01:30,51.613549999999975
2025-09-12,01:40-02:00,20.302666666666653
2025-09-12,02:20-03:10,104.99173333333323
2025-09-12,03:40-04:20,118.60525000000001
2025-09-12,04:30-05:40,117.67545000000008
2025-09-12,05:50-06:10,29.887599999999964
2025-09-12,06:30-07:50,800.7891833333337
2025-09-12,08:00-08:10,72.1229166666667
2025-09-12,08:20-08:30,93.27170000000012
2025-09-12,08:40-08:50,63.32306666666682
2025-09-12,09:00-09:20,180.9076500000001
2025-09-12,10:00-10:20,191.14665000000014
2025-09-12,10:30-10:40,125.34583333333353
2025-09-12,11:00-11:20,176.97828333333337
2025-09-12,13:10-13:20,40.43073333333314
2025-09-12,14:30-14:40,89.44375000000014
2025-09-12,14:50-15:10,166.13623333333328
2025-09-12,15:30-15:40,143.01541666666594
2025-09-12,16:20-18:10,598.4070500000001
2025-09-12,18:30-18:50,81.63258333333326
2025-09-12,20:30-20:50,29.642699999999877
2025-09-12,21:10-22:20,192.11018333333345
2025-09-12,22:40-23:10,61.09126666666657
2025-09-12,23:20-23:40,20.24271666666675
2025-09-13,00:10-00:30,101.53180000000003
2025-09-13,01:40-02:20,47.42775
2025-09-13,04:10-05:10,136.3400000000001
2025-09-13,05:30-05:40,4.316666666666606
2025-09-13,06:00-07:40,317.86275
2025-09-13,08:00-08:10,10.095000000000027
2025-09-13,08:20-08:30,32.038700000000176
2025-09-13,08:40-08:50,53.01271666666662
2025-09-13,14:50-15:10,218.83231666666677
2025-09-13,16:00-17:30,913.174898148148
2025-09-13,17:50-18:10,106.72466666666669
2025-09-13,18:40-18:50,17.717966666666733
2025-09-13,19:20-19:40,49.41476666666671
2025-09-13,20:20-21:10,126.1143666666668
2025-09-13,21:40-22:20,100.31000000000006
2025-09-13,22:40-23:00,80.32456666666667
2025-09-14,00:10-00:30,33.857333333333145
2025-09-14,00:40-01:00,55.69790000000012
2025-09-14,02:20-02:30,24.751549999999952
2025-09-14,03:00-03:20,63.56471666666664
2025-09-14,03:30-04:00,17.607666666666773
2025-09-14,04:10-04:30,73.26256666666674
2025-09-14,04:40-05:00,79.06770000000003
2025-09-14,05:30-05:40,10.678333333333285
2025-09-14,06:00-13:20,2606.7005333333345
2025-09-14,13:40-18:50,2563.189052674899
2025-09-14,19:10-19:30,38.20098333333348
2025-09-14,20:00-20:20,45.82646666666676
2025-09-14,20:50-21:10,110.28068333333351
2025-09-14,21:40-22:40,256.4432166666671
2025-09-14,23:00-23:40,176.80099999999993
2025-09-15,00:10-00:30,37.62221666666642
2025-09-15,00:40-01:00,102.81119999999999
2025-09-15,01:30-02:30,164.85789999999997
2025-09-15,02:50-03:00,14.340366666666682
2025-09-15,03:30-03:50,17.593750000000114
2025-09-15,04:10-04:30,16.20429999999989
2025-09-15,05:30-09:10,1700.2766166666675
2025-09-15,09:30-09:40,0.71875
2025-09-15,16:00-16:10,1.7504166666664105
2025-09-15,17:20-17:40,53.290583333333444
2025-09-15,17:50-18:20,103.61090000000006
2025-09-15,18:50-19:20,52.17383333333329
2025-09-15,19:40-20:30,162.30568333333355
2025-09-15,20:40-21:00,35.46666666666658
2025-09-15,22:30-23:00,99.0652500000001
2025-09-15,23:20-23:50,55.17116666666652
2025-09-16,00:10-00:50,156.5333999999998
2025-09-16,01:10-01:30,29.366949999999974
2025-09-16,01:50-02:10,26.154733333333184
2025-09-16,02:40-03:00,60.03264999999999
2025-09-16,03:10-03:30,39.24811666666665
2025-09-16,03:40-05:00,187.51609999999968
2025-09-16,05:40-09:30,1498.1547666666659
2025-09-16,09:40-11:10,970.4387166666659
2025-09-16,11:30-14:00,2807.309583333332
2025-09-16,14:30-14:50,57.87948333333327
2025-09-16,15:00-15:50,101.33776666666631
2025-09-16,16:50-18:10,294.3011499999999
2025-09-16,18:40-19:00,64.22119999999998
2025-09-16,19:10-19:40,58.82245000000001
2025-09-16,19:50-20:10,39.489116666666746
2025-09-16,20:30-21:00,124.08621666666647
2025-09-16,21:10-21:20,14.344900000000052
2025-09-16,21:40-22:10,120.05169999999998
2025-09-16,22:20-22:40,25.435800000000086
2025-09-16,23:20-23:50,145.25783333333356
2025-09-16,00:00+1-00:10+1,29.924999999999955
2025-09-17,00:10-00:40,61.49023333333332
2025-09-17,02:40-03:10,50.82978333333335
2025-09-17,03:20-03:40,32.97003333333328
2025-09-17,04:00-04:10,20.706666666666592
2025-09-17,04:30-04:40,11.488333333333344
2025-09-17,04:50-05:10,26.03943333333325
2025-09-17,05:20-06:20,165.06674999999981
2025-09-17,06:40-07:10,62.76571666666672
2025-09-17,07:40-08:40,152.8415666666666
2025-09-17,08:50-09:20,47.21018333333336
2025-09-17,09:50-12:00,589.7892999999997
2025-09-17,15:50-18:00,527.506966666666
2025-09-17,18:20-18:40,76.98191666666665
2025-09-17,19:10-19:30,61.40661666666689
2025-09-17,20:00-20:20,66.81449999999995
2025-09-17,20:40-20:50,3.9815000000000964
2025-09-17,21:10-21:40,51.71404999999993
2025-09-17,22:00-22:10,4.588333333333367
2025-09-17,22:40-23:00,147.8260333333335
2025-09-17,23:30-00:10+1,134.71944999999982
2025-09-18,00:40-01:10,43.69756666666672
2025-09-18,01:40-01:50,21.297149999999988
2025-09-18,02:10-02:30,30.950833333333208
2025-09-18,02:50-03:10,20.009050000000002
2025-09-18,03:30-04:10,91.99648333333323
2025-09-18,04:50-05:10,17.061000000000035
2025-09-18,05:20-05:40,68.31963333333329
2025-09-18,06:00-08:20,678.7038833333328
2025-09-18,08:50-09:40,542.482683333333
2025-09-18,09:50-11:20,982.8940666666667
2025-09-18,12:00-13:40,1947.7480999999998
2025-09-18,13:50-15:40,884.4978288065888
2025-09-18,16:00-16:40,115.73916666666679
2025-09-18,16:50-17:20,31.949416666666536
2025-09-18,17:30-18:10,76.45700000000002
2025-09-18,18:30-18:40,1.7116666666665878
2025-09-18,19:00-20:00,204.59063333333324
2025-09-18,20:20-20:30,35.931716666666716
2025-09-18,20:40-21:10,38.36466666666661
2025-09-18,21:40-22:00,140.72413333333338
2025-09-18,22:20-22:40,30.218533333333312
2025-09-18,23:00-23:20,53.07469999999989
2025-09-18,23:40-00:00+1,76.57490000000018
2025-09-19,01:00-02:10,286.15286666666674
2025-09-19,03:00-03:30,51.84456666666671
2025-09-19,04:30-05:10,96.19211666666664
2025-09-19,05:30-07:00,258.9882499999999
2025-09-19,07:50-08:10,168.44043333333332
2025-09-19,08:20-08:30,67.00969999999984
2025-09-19,08:50-09:20,310.7700666666667
2025-09-19,09:30-09:40,70.60124999999994
2025-09-19,10:20-10:30,52.899200000000064
2025-09-19,11:10-11:20,91.3937666666668
2025-09-19,11:40-11:50,146.7455
2025-09-19,12:50-13:20,139.04508333333365
2025-09-19,14:00-14:30,318.1374999999998
2025-09-19,15:10-15:20,93.02116666666666
2025-09-19,15:40-15:50,21.03376666666611
2025-09-19,16:00-18:00,663.4266
2025-09-19,18:10-18:30,55.85566666666677
2025-09-19,18:40-19:00,30.812866666666572
2025-09-19,19:10-19:30,20.794283333333333
2025-09-19,19:50-20:20,69.82213333333331
2025-09-19,21:00-21:10,11.108333333333348
2025-09-19,21:30-21:40,34.01833333333332
2025-09-19,22:30-23:00,97.69776666666667
2025-09-19,23:50-00:10+1,33.549050000000136
2025-09-20,00:10-00:20,11.471733333333304
2025-09-20,00:50-01:30,98.59604999999999
2025-09-20,01:40-03:00,120.8001333333334
2025-09-20,03:10-04:20,199.91688333333343
2025-09-20,05:00-05:10,2.035000000000025
2025-09-20,06:00-08:40,1150.4388000000004
2025-09-20,09:00-09:30,580.4115500000008
2025-09-20,10:10-10:30,406.008416666667
2025-09-20,10:40-10:50,152.87878333333333
2025-09-20,12:00-12:10,40.54583333333312
2025-09-20,13:30-13:50,249.8443000000002
2025-09-20,14:00-14:20,291.2809500000001
2025-09-20,14:40-14:50,68.30230000000006
2025-09-20,15:30-15:40,178.43900720164572
2025-09-20,15:50-16:10,33.7909166666667
2025-09-20,16:30-17:00,104.60058333333325
2025-09-20,17:20-18:30,210.30928333333327
2025-09-20,19:00-19:30,141.9588166666665
2025-09-20,19:50-20:10,92.91198333333337
2025-09-20,20:30-21:10,66.15281666666658
2025-09-20,22:20-22:40,61.464983333333464
2025-09-20,23:40-00:10+1,78.80164999999994
2025-09-21,00:30-01:10,69.07360000000006
2025-09-21,01:30-01:50,49.5924
2025-09-21,02:00-02:10,0.783333333333303
2025-09-21,02:20-03:00,60.12321666666685
2025-09-21,03:10-03:30,65.7928333333333
2025-09-21,04:00-04:10,19.401666666666756
2025-09-21,04:30-04:50,25.625833333333336
2025-09-21,05:10-05:20,4.861416666666701
2025-09-21,05:40-07:30,475.34646666666714
2025-09-21,10:40-12:10,762.7667500000002
2025-09-21,13:20-13:40,83.43918333333363
2025-09-21,16:10-16:30,103.34353333333314
2025-09-21,16:40-17:40,186.82483333333295
2025-09-21,18:00-18:20,26.631016666666824
2025-09-21,18:40-19:10,101.06371666666652
2025-09-21,19:30-20:00,81.58716666666666
2025-09-21,20:30-20:50,52.535349999999994
2025-09-21,21:10-21:30,80.80873333333341
2025-09-21,21:40-22:00,22.177216666666595
2025-09-21,22:40-23:10,46.685249999999996
2025-09-22,00:10-01:00,89.3180000000001
2025-09-22,01:10-02:10,47.152583333333496
2025-09-22,02:40-04:00,185.35865
2025-09-22,04:10-04:30,33.30301666666665
2025-09-22,05:10-05:40,105.16968333333338
2025-09-22,06:10-06:30,59.78418333333336
2025-09-22,07:00-07:10,45.767500000000155
2025-09-22,08:00-08:50,267.25234999999964
2025-09-22,09:10-10:00,237.55105000000037
2025-09-22,10:10-11:40,2016.6335833333335
2025-09-22,11:50-14:10,1751.480766666667
2025-09-22,14:40-14:50,4.375299999999925
2025-09-22,15:20-18:00,994.1819333333334
2025-09-22,18:20-18:40,42.36295000000018
2025-09-22,19:30-19:40,1.8033333333332848
2025-09-22,19:50-20:20,84.81108333333322
2025-09-22,21:10-22:10,306.5037333333338
2025-09-22,23:00-23:50,144.37263333333294
2025-09-23,00:40-01:20,68.76848333333339
2025-09-23,01:40-01:50,7.870783333333293
2025-09-23,02:10-02:30,52.898450000000025
2025-09-23,03:30-03:40,5.6566666666667516
2025-09-23,05:00-05:30,74.14033333333339
2025-09-23,05:50-11:20,2570.3985666666676
2025-09-23,13:00-15:40,745.388783333326
2025-09-23,16:00-18:00,946.6633166666669
2025-09-23,18:10-18:40,80.9805833333333
2025-09-23,19:00-19:10,10.293333333333408
2025-09-23,19:30-19:40,0.7849999999999682
2025-09-23,20:00-20:40,144.4247333333334
2025-09-23,21:00-21:50,160.1297666666668
2025-09-23,22:30-22:40,33.958333333333485
2025-09-23,23:40-23:50,11.572949999999764
2025-09-24,00:20-00:30,14.830983333333506
2025-09-24,01:30-02:40,177.45531666666636
2025-09-24,03:00-03:30,82.51413333333335
2025-09-24,03:40-04:00,72.53160000000014
2025-09-24,04:10-05:40,173.28350000000012
2025-09-24,06:10-08:50,853.0755166666667
2025-09-24,09:00-09:30,36.204333333333125
2025-09-24,11:40-13:30,1259.5068000000003
2025-09-24,15:00-16:00,179.76685000000043
2025-09-24,16:20-16:40,12.591250000000457
2025-09-24,16:50-17:30,194.1081333333337
2025-09-24,17:40-18:10,51.89931666666648
2025-09-24,18:20-18:50,102.93460000000007
2025-09-24,19:10-19:20,10.74888333333331
2025-09-24,19:40-20:10,115.89453333333344
2025-09-24,20:30-20:50,33.15218333333314
2025-09-24,21:00-21:10,0.09500000000002728
2025-09-24,21:30-21:40,0.6483333333334258
2025-09-24,23:10-23:30,26.07758333333345
2025-09-24,23:50-00:00+1,16.851699999999937
2025-09-25,00:20-01:00,158.43528333333347
2025-09-25,01:10-01:40,68.22149999999999
2025-09-25,02:00-02:30,57.97176666666678
2025-09-25,03:00-03:30,118.20720000000006
2025-09-25,04:30-05:20,93.5704833333333
2025-09-25,05:50-06:00,11.50881666666669
2025-09-25,06:20-08:30,774.5019166666667
2025-09-25,10:20-10:40,69.59786666666673
2025-09-25,11:10-13:00,931.0438000000006
2025-09-25,13:30-13:40,28.51791666666668
2025-09-25,14:20-15:20,112.93567386831637
2025-09-25,15:40-17:00,614.6154166666672
2025-09-25,17:10-17:30,156.39396666666693
2025-09-25,17:40-18:10,121.57345000000004
2025-09-25,18:40-19:10,206.73329999999999
2025-09-25,20:00-20:10,25.226666666666574
2025-09-25,21:00-21:40,157.52788333333342
2025-09-25,22:00-22:10,41.36166666666668
2025-09-25,22:40-23:40,251.22185000000025
2025-09-25,00:00+1-00:10+1,30.226666666666688
2025-09-26,00:10-00:20,11.189799999999991
2025-09-26,00:30-00:50,18.525700000000086
2025-09-26,02:10-02:40,71.19124999999985
2025-09-26,03:30-03:40,17.778333333333308
2025-09-26,04:10-04:30,78.31238333333337
2025-09-26,05:10-05:30,41.02723333333337
2025-09-26,05:40-05:50,5.755066666666554
2025-09-26,06:10-06:30,42.75053333333335
2025-09-26,06:50-07:40,261.40835000000015
2025-09-26,08:20-09:10,449.9598333333332
2025-09-26,09:40-10:00,235.9828833333329
2025-09-26,10:10-10:20,35.360666666666475
2025-09-26,11:40-11:50,42.32511666666687
2025-09-26,12:20-12:40,108.33728333333374
2025-09-26,14:00-14:30,184.37741666666648
2025-09-26,14:40-14:50,62.66053333333355
2025-09-26,16:20-17:00,95.87583333333316
2025-09-26,17:20-17:40,56.80976666666665
2025-09-26,19:20-20:10,100.79334999999988
2025-09-26,20:30-20:50,15.059066666666581
2025-09-26,21:10-21:20,6.95956666666666
2025-09-26,21:40-22:20,131.66631666666672
2025-09-26,23:30-00:00+1,122.62366666666657
2025-09-27,00:30-01:00,76.05991666666671
2025-09-27,01:10-01:30,74.04755000000006
2025-09-27,02:10-02:40,24.30756666666656
2025-09-27,03:00-03:20,62.23328333333336
2025-09-27,03:50-04:10,27.984649999999988
2025-09-27,04:30-05:00,137.4685333333333
2025-09-27,05:10-07:10,471.40086666666656
2025-09-27,10:50-11:00,52.62225000000012
2025-09-27,11:30-11:40,75.16749999999979
2025-09-27,12:10-12:20,95.47505000000001
2025-09-27,13:10-13:20,98.25328333333323
2025-09-27,13:40-13:50,13.452633333333324
2025-09-27,14:00-14:40,292.9320833333335
2025-09-27,15:10-15:20,165.8406666666666
2025-09-27,15:30-15:40,5.279166666666697
2025-09-27,16:00-17:20,576.6117833333335
2025-09-27,17:40-18:00,104.62228333333323
2025-09-27,18:20-19:00,167.15413333333345
2025-09-27,19:20-19:50,121.34598333333338
2025-09-27,20:10-20:30,9.452833333333388
2025-09-27,21:10-22:00,360.9309666666666
2025-09-27,22:40-23:00,46.367333333333136
2025-09-27,23:10-00:00+1,236.63630000000006
2025-09-28,00:10-00:40,87.76831666666669
2025-09-28,01:00-01:20,34.97966666666662
2025-09-28,01:40-02:30,117.24611666666647
2025-09-28,02:40-03:00,12.499316666666687
2025-09-28,03:30-04:30,39.25896666666665
2025-09-28,05:00-05:20,46.19491666666673
2025-09-28,06:00-06:10,7.586666666666588
2025-09-28,06:20-11:20,3370.3288500000003
2025-09-28,12:10-16:00,2404.99735
2025-09-28,16:20-16:50,67.57886666666695
2025-09-28,17:30-18:00,258.4987333333335
2025-09-28,19:30-20:00,64.17465000000016
2025-09-28,22:00-22:40,81.49598333333302
2025-09-28,23:10-00:10+1,250.43200000000036
2025-09-29,00:30-00:40,52.38666666666677
2025-09-29,01:20-01:40,13.34988333333331
2025-09-29,02:20-02:40,57.774183333333326
2025-09-29,03:00-03:30,104.17780000000005
2025-09-29,04:00-05:10,128.09823333333327
2025-09-29,05:50-11:30,2016.9444333333345
2025-09-29,12:50-14:00,518.9730500000001
2025-09-29,14:20-15:00,171.94200000000012
2025-09-29,15:20-15:40,62.28211666666698
2025-09-29,16:00-16:20,85.38565000000028
2025-09-29,16:50-17:30,60.74514999999954
2025-09-29,18:30-19:40,269.20271666666656
2025-09-29,20:30-21:00,113.85395000000005
2025-09-29,21:40-21:50,15.080266666666603
2025-09-29,22:20-23:00,118.18146666666667
2025-09-29,23:50-00:10+1,139.40801666666664
2025-09-30,00:10-01:40,204.73853333333352
2025-09-30,02:30-02:40,17.096666666666692
2025-09-30,02:50-04:00,161.33455000000004
2025-09-30,04:10-04:30,54.74031666666667
2025-09-30,04:40-05:10,126.18478333333319
2025-09-30,05:30-05:40,10.181666666666729
2025-09-30,06:30-09:50,1576.4461166666665
2025-09-30,10:10-11:00,119.08541666666702
2025-09-30,11:10-12:30,390.8390333333334
2025-09-30,12:50-14:50,965.9924687242788
2025-09-30,15:10-16:10,423.46211666666693
2025-09-30,16:40-18:10,112.64906666666661
2025-09-30,19:00-19:20,27.006283333333272
2025-09-30,20:10-20:30,40.276800000000094
2025-09-30,20:40-21:00,85.95471666666685
2025-09-30,21:20-21:30,11.049566666666578
2025-09-30,22:10-22:20,29.807999999999993
2025-09-30,22:50-00:10+1,230.56768333333355
2025-10-01,00:40-01:00,30.488133333333394
2025-10-01,01:10-01:20,1.019433333333268
2025-10-01,01:50-02:10,27.20241666666675
2025-10-01,02:50-03:00,2.020116666666695
2025-10-01,04:00-04:40,88.16504999999995
2025-10-01,05:10-05:20,9.422366666666614
2025-10-01,05:50-06:10,54.03228333333345
2025-10-01,06:30-06:40,9.559166666666712
2025-10-01,13:40-14:20,183.72476666666694
2025-10-01,14:30-15:00,117.24089999999774
2025-10-01,16:10-16:30,58.206816666666555
2025-10-02,00:10-00:20,26.24459999999999
2025-10-02,01:30-02:10,64.84421666666663
2025-10-02,02:20-03:00,96.41510000000005
2025-10-02,03:40-04:10,46.839583333333394
2025-10-02,04:30-04:50,24.78144999999995
2025-10-02,05:30-06:20,185.17965000000018
2025-10-02,06:30-06:40,3.944166666666547
2025-10-02,07:00-07:20,39.03423333333325
2025-10-02,08:30-08:40,7.724166666666633
2025-10-02,09:10-09:50,205.46566666666615
2025-10-02,17:30-17:40,0.3024999999999949
2025-10-02,22:10-22:30,23.35231666666664
2025-10-03,00:40-01:50,164.44208333333353
2025-10-03,02:40-03:00,16.79638333333338
2025-10-03,03:10-03:30,25.000416666666695
2025-10-03,03:40-04:10,79.8780999999999
2025-10-03,04:30-04:40,40.913333333333355
2025-10-03,05:50-07:10,213.56656666666657
2025-10-03,17:20-17:30,1.4027333333333445
2025-10-03,17:50-18:00,0.9486000000000303
2025-10-04,00:20-00:30,4.268383333333304
2025-10-04,01:00-01:10,1.2733333333333121
2025-10-04,01:40-02:00,20.71550000000002
2025-10-04,02:40-03:00,39.8386666666666
2025-10-04,03:30-03:50,12.373416666666685
2025-10-04,04:10-04:40,43.87838333333328
2025-10-04,04:50-05:40,91.52121666666676
2025-10-04,06:00-06:50,180.38211666666663
2025-10-04,07:10-08:00,269.70433333333335
2025-10-04,08:10-08:20,7.556616666666628
2025-10-04,08:30-08:50,99.71101666666675
2025-10-04,09:00-09:10,80.74833333333345
2025-10-04,09:40-10:20,476.8128833333333
2025-10-04,10:30-10:40,29.384583333333467
2025-10-04,10:50-11:00,25.105216666666593
2025-10-04,11:40-11:50,29.951583333333474
2025-10-04,17:20-17:40,18.95066666666679
2025-10-05,00:30-01:40,161.22823333333326
2025-10-05,02:40-03:20,123.6185333333334
2025-10-05,03:30-03:50,6.867733333333376
2025-10-05,04:10-04:30,28.808333333333163
2025-10-05,04:40-05:40,75.01578333333308
2025-10-05,06:10-07:00,77.77299999999991
2025-10-05,08:00-08:10,17.777500000000146
2025-10-05,22:40-23:00,42.66318333333356
2025-10-06,01:00-01:10,2.035000000000082
2025-10-06,01:50-03:00,109.99123333333387
2025-10-06,03:30-03:50,51.05136666666658
2025-10-06,04:00-04:10,3.091666666666697
2025-10-06,04:30-04:40,5.4500000000000455
2025-10-06,05:00-05:50,54.697116666666844
2025-10-06,06:30-07:00,99.27259999999984
2025-10-06,07:10-07:30,56.98596666666663
2025-10-06,11:40-12:30,199.47121666666726
2025-10-06,15:00-15:20,37.41028333333293
2025-10-06,16:20-17:10,27.909349999999932
2025-10-06,17:30-17:40,14.425833333333344
2025-10-06,22:10-22:20,13.228216666666412
2025-10-06,23:20-23:30,9.12183333333337
2025-10-07,01:30-02:20,114.87791666666658
2025-10-07,02:40-03:10,65.18824999999993
2025-10-07,04:00-04:10,4.934999999999945
2025-10-07,05:10-06:40,224.15395000000004
2025-10-07,07:30-07:40,13.247916666666526
2025-10-07,12:30-13:00,120.70881666666673
2025-10-07,00:00+1-00:10+1,10.913333333333298
2025-10-08,00:10-00:30,18.17513333333352
2025-10-08,01:00-01:10,54.933333333333394
2025-10-08,01:30-01:50,34.193149999999946
2025-10-08,02:20-02:30,5.9044333333333725
2025-10-08,02:40-04:10,117.24293333333321
2025-10-08,04:40-05:10,58.58571666666666
2025-10-08,05:30-05:50,23.022500000000264
2025-10-08,06:10-09:40,1900.0393499999993
2025-10-08,09:50-12:00,2775.8995000000004
2025-10-08,12:20-13:20,1287.4897833333337
2025-10-08,13:30-13:50,65.51829999999995
2025-10-08,15:20-16:20,223.18405000000052
2025-10-08,17:10-17:30,63.268049999999945
2025-10-08,17:40-18:40,154.8829000000005
2025-10-08,19:00-19:50,55.35033333333351
2025-10-08,20:20-21:00,67.49940000000026
2025-10-08,21:10-21:40,32.55833333333328
2025-10-08,22:00-22:20,22.024316666666664
2025-10-08,22:30-22:50,36.91494999999986
2025-10-08,23:20-23:40,8.416916666666566
2025-10-09,00:30-00:50,49.269550000000095
2025-10-09,01:00-01:30,20.852100000000064
2025-10-09,02:10-02:20,12.20920000000001
2025-10-09,02:50-03:00,1.7324666666665962
2025-10-09,03:10-03:30,14.89456666666672
2025-10-09,03:40-04:00,13.25538333333327
2025-10-09,04:10-04:30,21.92503333333341
2025-10-09,04:50-05:10,57.469033333333456
2025-10-09,05:30-05:50,57.27299999999968
2025-10-09,06:10-09:20,1130.8854833333332
2025-10-09,09:30-13:10,1336.7071666666645
2025-10-09,14:10-18:40,1589.0170302469119
2025-10-09,19:00-19:40,94.97263333333308
2025-10-09,20:00-20:20,21.121916666666607
2025-10-09,20:30-21:10,139.5433333333334
2025-10-09,21:40-22:00,46.522533333333286
2025-10-09,23:00-23:10,15.529999999999973
2025-10-09,23:30-23:50,36.51898333333327
2025-10-09,00:00+1-00:10+1,18.424999999999955
2025-10-10,00:10-00:40,112.32389999999987
2025-10-10,00:50-01:30,74.47023333333323
2025-10-10,01:40-02:40,95.51074999999986
2025-10-10,03:10-03:30,20.19083333333333
2025-10-10,03:40-04:00,41.621966666666765
2025-10-10,04:40-05:30,140.44023333333345
2025-10-10,06:20-08:00,601.2777000000001
2025-10-10,08:10-08:20,30.92041666666671
2025-10-10,09:00-09:20,197.5743999999995
2025-10-10,09:50-10:10,66.13953333333325
2025-10-10,10:20-10:30,3.8209333333334143
2025-10-10,11:00-11:10,39.69208333333313
2025-10-10,16:00-18:40,801.5757666666665
2025-10-10,19:30-19:50,11.901533333333425
2025-10-10,20:10-20:30,41.2852666666667
2025-10-10,20:50-21:50,122.27818333333329
2025-10-10,22:00-23:10,208.26426666666634
2025-10-10,00:00+1-00:10+1,42.204999999999984
2025-10-11,00:10-00:20,24.783233333333328
2025-10-11,01:20-01:50,42.66123333333337
2025-10-11,02:10-02:30,57.656399999999906
2025-10-11,02:50-03:10,10.71225000000004
2025-10-11,03:30-04:00,45.00088333333332
2025-10-11,04:10-04:20,13.521383333333347
2025-10-11,05:20-05:30,1.9303333333333255
2025-10-11,05:40-05:50,2.2329833333333227
2025-10-11,06:30-08:30,433.4533666666662
2025-10-11,08:40-08:50,117.44426666666675
2025-10-11,10:10-10:30,60.94886666666662
2025-10-11,12:10-12:40,121.4199333333338
2025-10-11,15:10-15:20,54.99326666666673
2025-10-11,16:00-18:20,393.1827333333333
2025-10-11,18:30-18:40,6.263333333333321
2025-10-11,19:00-19:40,124.04556666666669
2025-10-11,20:00-20:50,94.03588333333352
2025-10-11,21:30-21:40,15.401666666666756
2025-10-11,22:30-22:50,53.943083333333334
2025-10-11,23:00-23:10,2.8783333333333303
2025-10-11,23:40-00:10+1,26.29701666666665
2025-10-12,01:40-02:10,80.17774999999995
2025-10-12,02:20-02:50,23.83606666666651
2025-10-12,03:10-03:20,10.48109999999997
2025-10-12,03:40-04:00,30.303016666666622
2025-10-12,05:10-05:30,38.78531666666676
2025-10-12,05:40-06:00,20.514400000000066
2025-10-12,06:10-10:00,1085.9150166666686
2025-10-12,10:40-15:10,2725.9263047325053
2025-10-12,15:50-16:30,153.40474999999986
2025-10-12,16:40-17:40,270.8294166666666
2025-10-12,18:00-18:30,78.42543333333349
2025-10-12,18:50-20:20,222.9606333333331
2025-10-12,21:40-22:30,99.07763333333344
2025-10-12,22:50-00:10+1,188.1728999999999
2025-10-13,00:50-01:10,12.199216666666416
2025-10-13,01:20-01:40,46.305450000000064
2025-10-13,02:00-02:20,40.69461666666655
2025-10-13,02:50-03:00,8.02903333333336
2025-10-13,04:20-05:10,125.50771666666668
2025-10-13,05:50-06:20,63.773483333333346
2025-10-13,06:30-10:00,660.9329500000001
2025-10-13,10:10-10:40,103.27256666666653
2025-10-13,12:30-13:10,124.80668333333324
2025-10-13,14:40-15:00,99.00901358024782
2025-10-13,15:50-16:20,72.71466666666657
2025-10-13,16:40-17:00,76.67776666666677
2025-10-13,17:10-18:20,107.7898833333333
2025-10-13,19:00-19:10,15.296666666666624
2025-10-13,19:30-20:10,74.75788333333355
2025-10-13,21:00-21:20,13.987949999999955
2025-10-13,21:40-22:10,55.61463333333347
2025-10-13,22:30-22:50,41.58751666666694
2025-10-14,00:30-00:40,5.529999999999973
2025-10-14,01:00-01:20,18.032699999999977
2025-10-14,01:40-02:00,15.082133333333331
2025-10-14,02:10-02:30,90.54689999999994
2025-10-14,03:10-04:10,135.42736666666667
2025-10-14,04:40-05:10,82.98011666666659
2025-10-14,05:30-05:50,21.957233333333193
2025-10-14,06:10-10:00,1129.9824833333328
2025-10-14,10:30-11:00,136.302016666667
2025-10-14,11:10-11:30,51.447749999999814
2025-10-14,11:50-12:20,88.00409999999988
2025-10-14,13:00-14:30,695.7325833333341
2025-10-14,14:50-17:40,798.6313333333335
2025-10-14,17:50-18:30,88.58105000000006
2025-10-14,19:00-19:30,101.91724999999997
2025-10-14,19:50-20:40,90.98468333333335
2025-10-14,21:10-21:30,20.625416666666638
2025-10-14,21:40-22:40,130.21666666666624
2025-10-14,23:30-00:00+1,141.4771666666668
2025-10-15,00:10-00:20,13.995600000000195
2025-10-15,00:40-01:00,85.23815000000002
2025-10-15,01:10-01:40,63.26610000000005
2025-10-15,01:50-02:10,45.38043333333337
2025-10-15,02:30-02:50,18.039499999999975
2025-10-15,03:00-03:20,23.376499999999965
2025-10-15,04:10-04:30,70.07849999999996
2025-10-15,04:40-05:00,37.024966666666586
2025-10-15,05:30-06:00,26.07819999999997
2025-10-15,06:30-12:00,2026.9369666666664
2025-10-15,12:30-16:00,2822.136127983543
2025-10-15,16:10-18:00,574.8358833333334
2025-10-15,18:40-19:10,59.49249999999974
2025-10-15,19:30-19:50,12.510933333333355
2025-10-15,21:00-21:30,86.72440000000017
2025-10-15,21:40-22:30,44.08140000000026
2025-10-15,23:00-23:40,39.6270833333333
2025-10-16,00:10-00:40,26.333699999999908
2025-10-16,00:50-02:10,97.41054999999994
2025-10-16,02:30-03:00,79.45756666666671
2025-10-16,03:50-04:20,32.19386666666662
2025-10-16,04:30-04:50,17.059316666666746
2025-10-16,05:10-05:30,126.75301666666662
2025-10-16,05:50-06:10,39.927583333333374
2025-10-16,06:30-10:20,1448.136116666667
2025-10-16,11:30-17:50,5782.168037654316
2025-10-16,18:10-18:30,24.25100000000005
2025-10-16,18:40-19:00,34.13475000000021
2025-10-16,19:40-20:20,93.23396666666645
2025-10-16,21:10-22:10,75.59630000000027
2025-10-16,22:40-23:00,43.30211666666662
2025-10-16,23:50-00:10+1,31.298816666666653
2025-10-17,00:40-00:50,5.814483333333328
2025-10-17,01:20-02:00,30.37485000000015
2025-10-17,02:20-02:40,30.244383333333303
2025-10-17,03:20-03:40,35.052533333333315
2025-10-17,04:00-04:10,9.416666666666629
2025-10-17,04:30-04:40,16.230000000000018
2025-10-17,05:00-05:10,7.278333333333364
2025-10-17,05:30-05:50,41.01900000000006
2025-10-17,06:20-07:10,136.3009333333335
2025-10-17,07:30-08:10,193.30951666666664
2025-10-17,08:50-09:00,61.181983333333164
2025-10-17,09:30-09:50,71.65636666666683
2025-10-17,10:10-10:30,134.27215
2025-10-17,11:30-11:50,332.8415833333331
2025-10-17,12:00-12:10,57.99291666666659
2025-10-17,12:50-13:10,344.57146666666654
2025-10-17,13:30-13:40,200.3783333333331
2025-10-17,13:50-14:00,207.85228333333362
2025-10-17,14:20-14:30,247.2228666666665
2025-10-17,14:40-14:50,132.50166666666655
2025-10-17,15:00-15:20,190.5080333333334
2025-10-17,16:00-16:30,123.32361666666674
2025-10-17,16:40-17:30,94.13393333333343
2025-10-17,18:10-18:20,9.147183333333352
2025-10-17,18:40-19:00,54.524733333333316
2025-10-17,19:10-19:30,60.975416666666725
2025-10-17,19:50-20:20,84.68655000000001
2025-10-17,20:40-21:00,17.835116666666636
2025-10-17,21:20-21:30,5.737933333333331
2025-10-17,21:40-22:10,104.13435000000021
2025-10-17,22:50-23:30,71.75665000000004
2025-10-17,23:40-00:00+1,56.19984999999997
2025-10-18,00:20-01:20,198.36744999999985
2025-10-18,02:00-02:10,36.49000000000001
2025-10-18,02:50-03:10,54.04294999999996
2025-10-18,03:30-03:40,29.723333333333358
2025-10-18,04:00-04:10,22.87333333333339
2025-10-18,04:50-05:20,105.05056666666664
2025-10-18,05:30-05:50,36.93870000000014
2025-10-18,06:20-06:50,45.61194999999988
2025-10-18,07:50-08:10,48.50718333333339
2025-10-18,10:40-11:00,121.50001666666662
2025-10-18,11:10-11:20,10.773099999999886
2025-10-18,12:10-12:20,14.815816666666706
2025-10-18,12:40-12:50,103.13323333333301
2025-10-18,13:10-13:40,185.15774999999962
2025-10-18,14:40-14:50,210.83561666666662
2025-10-18,15:00-15:30,237.1283666666667
2025-10-18,15:40-17:50,592.835235596708
2025-10-18,19:40-20:00,23.616766666666706
2025-10-18,20:50-21:20,23.337249999999983
2025-10-18,21:40-23:00,231.15800000000053
2025-10-18,23:20-23:40,57.71306666666669
2025-10-19,00:20-01:40,239.48339999999985
2025-10-19,02:40-02:50,1.9945999999999913
2025-10-19,03:10-03:40,38.82588333333331
2025-10-19,03:50-04:10,43.43961666666678
2025-10-19,04:30-05:10,123.12683333333337
2025-10-19,05:30-06:10,69.7351
2025-10-19,06:30-11:00,1880.3306666666658
2025-10-19,12:20-17:50,3723.5492022633725
2025-10-19,18:20-19:00,64.97938333333337
2025-10-19,19:10-19:30,31.173499999999827
2025-10-19,20:00-20:10,9.06166666666661
2025-10-19,20:30-21:10,83.45739999999967
2025-10-19,21:20-21:50,53.92118333333326
2025-10-19,22:30-22:40,21.90666666666675
2025-10-19,23:10-23:30,17.432100000000446
2025-10-19,00:00+1-00:10+1,8.11999999999989
2025-10-20,00:10-00:20,7.40661666666665
2025-10-20,01:10-01:30,81.28094999999996
2025-10-20,02:20-03:00,108.80346666666674
2025-10-20,03:20-04:20,92.52823333333345
2025-10-20,05:30-06:00,62.39426666666626
2025-10-20,06:10-12:30,5007.656999999999
2025-10-20,13:00-16:00,2034.500078189301
2025-10-20,16:10-17:50,302.07846666666677
2025-10-20,18:30-19:30,115.17083333333363
2025-10-20,20:10-20:30,22.853149999999914
2025-10-20,20:40-21:00,10.405650000000037
2025-10-20,21:10-21:40,64.31235000000004
2025-10-20,22:00-22:20,34.42253333333315
2025-10-20,22:40-23:10,77.90646666666657
2025-10-20,23:30-00:10+1,114.9514333333334
2025-10-21,00:10-00:20,13.2965333333334
2025-10-21,00:40-01:00,24.967533333333336
2025-10-21,01:50-02:10,14.958383333333359
2025-10-21,02:30-03:10,90.89126666666652
2025-10-21,03:40-04:00,25.253699999999867
2025-10-21,04:20-04:50,22.976116666666584
2025-10-21,05:20-06:10,176.24013333333343
2025-10-21,06:30-07:50,298.6667499999994
2025-10-21,08:10-16:10,5452.044587860083
2025-10-21,16:20-16:40,13.952100000000087
2025-10-21,16:50-18:00,146.3223333333328
2025-10-21,19:30-19:50,51.40531666666675
2025-10-21,20:10-20:20,4.504349999999931
2025-10-21,20:40-21:10,60.30461666666656
2025-10-21,22:40-23:00,52.596649999999954
2025-10-21,23:10-23:40,81.98051666666674
2025-10-21,23:50-00:10+1,4.3066499999999905
2025-10-22,00:30-00:40,9.571666666666715
2025-10-22,01:00-01:20,13.900116666666577
2025-10-22,01:30-02:00,101.25290000000007
2025-10-22,02:10-02:30,37.33126666666669
2025-10-22,03:30-04:00,48.57839999999999
2025-10-22,04:30-04:40,7.953333333333376
2025-10-22,05:00-06:20,113.38438333333322
2025-10-22,06:40-10:50,2910.1443500000005
2025-10-22,11:20-13:00,530.0787833333327
2025-10-22,15:10-17:40,927.0810666666657
2025-10-22,18:00-19:00,194.05414999999982
2025-10-22,19:20-19:50,43.18570000000008
2025-10-22,20:40-21:10,55.46878333333325
2025-10-22,21:30-22:10,53.279533333333234
2025-10-22,22:40-00:10+1,137.27274999999872
2025-10-23,00:10-00:20,6.1750833333330775
2025-10-23,01:40-02:30,95.62866666666673
2025-10-23,02:50-03:00,5.940666666666743
2025-10-23,03:30-04:00,62.25540000000001
2025-10-23,04:20-04:40,14.96096666666665
2025-10-23,04:50-05:00,2.713133333333303
2025-10-23,05:30-05:50,13.146949999999956
2025-10-23,06:10-07:30,211.4604166666667
2025-10-23,08:00-08:20,16.57488333333316
2025-10-23,08:40-10:20,790.44065
2025-10-23,11:30-13:00,525.1402666666661
2025-10-23,13:10-14:10,219.7067738683129
2025-10-23,15:40-16:00,34.763483333333284
2025-10-23,17:10-17:30,115.50058333333331
2025-10-23,17:40-18:10,70.93806666666688
2025-10-23,19:10-19:30,32.1372833333334
2025-10-23,19:50-20:00,11.579099999999926
2025-10-23,20:10-20:40,66.70573333333346
2025-10-23,21:10-21:20,6.608749999999986
2025-10-23,22:10-22:30,140.90651666666662
2025-10-23,23:10-23:30,69.75163333333342
2025-10-23,23:50-00:10+1,15.719616666666752
2025-10-24,00:40-01:10,6.827250000000049
2025-10-24,02:00-02:20,39.840116666666574
2025-10-24,02:40-03:20,96.35830000000004
2025-10-24,03:40-04:00,45.31350000000003
2025-10-24,04:10-04:30,12.902483333333407
2025-10-24,04:50-05:20,27.08525000000004
2025-10-24,05:30-06:10,157.48271666666673
2025-10-24,06:30-06:40,13.487083333333317
2025-10-24,07:00-08:20,657.2146333333334
2025-10-24,08:30-08:50,154.3443000000001
2025-10-24,09:00-09:10,132.11291666666682
2025-10-24,09:50-10:00,77.64256666666665
2025-10-24,11:50-12:20,121.02179999999953
2025-10-24,13:20-13:30,3.2355999999999767
2025-10-24,13:40-13:50,6.429016666666712
2025-10-24,14:20-14:30,30.0934166666666
2025-10-24,15:40-17:40,664.7507744855977
2025-10-24,18:00-18:10,14.241666666666731
2025-10-24,18:20-18:40,84.8941
2025-10-24,19:00-19:20,29.461749999999938
2025-10-24,19:40-20:00,62.148883333333345
2025-10-24,20:10-20:40,73.19594999999993
2025-10-24,21:00-21:30,105.07643333333334
2025-10-24,22:10-22:40,83.41871666666674
2025-10-24,23:00-23:10,38.16833333333335
2025-10-24,00:00+1-00:10+1,18.625
2025-10-25,01:20-02:00,171.04331666666673
2025-10-25,02:20-02:50,50.39569999999998
2025-10-25,03:40-04:00,32.18556666666666
2025-10-25,04:20-04:40,26.674650000000042
2025-10-25,05:40-06:00,93.16418333333309
2025-10-25,06:40-08:30,496.28823333333366
2025-10-25,09:30-09:50,285.8382333333334
2025-10-25,10:00-10:10,237.20708333333334
2025-10-25,10:40-10:50,38.94818333333319
2025-10-25,11:50-12:00,30.197966666666616
2025-10-25,12:20-12:40,118.71019999999999
2025-10-25,13:10-13:20,117.47418333333349
2025-10-25,14:10-14:50,201.8253333333331
2025-10-25,15:00-15:20,59.28818950617324
2025-10-25,15:50-16:40,127.71746666666678
2025-10-25,17:10-17:30,142.8746
2025-10-25,17:40-18:50,90.90079999999996
2025-10-25,19:00-19:40,106.39925000000015
2025-10-25,20:00-21:00,127.28494999999992
2025-10-25,21:10-21:30,119.35643333333326
2025-10-25,21:50-22:00,9.860566666666614
2025-10-25,22:10-22:30,13.611666666666679
2025-10-25,23:00-23:30,97.3634833333333
2025-10-26,00:10-00:30,55.705066666666426
2025-10-26,00:50-01:00,12.760749999999916
2025-10-26,01:30-02:50,159.0016833333333
2025-10-26,03:00-03:10,2.886666666666656
2025-10-26,03:30-03:50,34.243833333333214
2025-10-26,04:10-04:30,20.89409999999998
2025-10-26,04:40-04:50,0.25598333333337303
2025-10-26,05:30-05:50,56.689516666666684
2025-10-26,06:10-06:40,19.274433333333583
2025-10-26,07:00-07:40,132.7812
2025-10-26,07:50-08:10,59.04699999999997
2025-10-26,08:30-09:30,446.95383333333314
2025-10-26,09:40-13:10,1355.3699666666685
2025-10-26,13:30-14:10,168.83104218107076
2025-10-26,16:30-16:40,8.929583333333369
2025-10-26,17:00-18:10,235.70228333333344
2025-10-26,18:30-18:40,8.955000000000041
2025-10-26,19:30-19:50,23.778316666666797
2025-10-26,20:10-20:30,17.439466666666817
2025-10-26,21:50-22:00,5.581016666666528
2025-10-26,22:10-22:20,0.3419499999999971
2025-10-26,22:40-23:00,32.87986666666666
2025-10-26,23:40-00:00+1,42.92703333333327
2025-10-27,00:20-00:50,84.35484999999994
2025-10-27,01:30-02:20,106.12914999999987
2025-10-27,02:30-02:40,3.259999999999991
2025-10-27,03:10-03:30,42.36026666666669
2025-10-27,03:50-04:00,16.419849999999997
2025-10-27,04:10-04:40,45.03196666666656
2025-10-27,04:50-05:40,15.799883333333307
2025-10-27,05:50-06:30,89.60321666666681
2025-10-27,06:50-08:40,306.33246666666685
2025-10-27,12:30-13:10,42.210100000000466
2025-10-27,13:50-17:30,1871.2740890946475
2025-10-27,17:40-17:50,4.650166666666792
2025-10-27,18:10-18:30,10.09913333333349
2025-10-27,18:50-19:00,11.576900000000009
2025-10-27,19:40-20:10,49.44778333333352
2025-10-27,21:10-21:20,0.8108499999999594
2025-10-27,21:40-21:50,8.98211666666657
2025-10-27,22:20-22:50,47.75606666666624
2025-10-27,23:10-23:30,61.328816666666626
2025-10-28,00:10-00:40,89.57121666666637
2025-10-28,01:00-01:50,122.94196666666664
2025-10-28,02:00-02:10,4.345000000000027
2025-10-28,02:30-04:10,97.80061666666666
2025-10-28,04:30-04:40,16.76666666666665
2025-10-28,05:00-05:20,15.718549999999908
2025-10-28,06:10-06:20,13.919800000000178
2025-10-28,06:40-08:30,470.68933333333297
2025-10-28,08:40-09:20,212.12654999999972
2025-10-28,12:40-13:30,341.5028333333328
2025-10-28,13:50-14:00,2.201616666666723
2025-10-28,14:50-17:30,914.0470166666669
2025-10-28,18:20-18:30,1.4975166666666302
2025-10-28,18:40-19:00,42.16573333333339
2025-10-28,19:20-19:40,11.7424499999999
2025-10-28,20:00-20:20,9.594866666666462
2025-10-28,20:30-21:00,30.726566666666827
2025-10-28,21:10-21:30,18.11424999999997
2025-10-28,22:20-23:10,95.37838333333343
2025-10-28,00:00+1-00:10+1,12.481666666666683
2025-10-29,00:30-00:40,11.178333333333285
2025-10-29,02:00-02:10,28.398333333333312
2025-10-29,02:30-03:00,80.95448333333343
2025-10-29,03:10-03:30,33.143299999999954
2025-10-29,04:00-04:10,2.228333333333353
2025-10-29,04:20-04:50,124.57166666666652
2025-10-29,05:20-05:50,60.046533333333365
2025-10-29,06:20-07:20,137.53468333333328
2025-10-29,07:40-08:30,178.40188333333361
2025-10-29,08:40-09:00,38.37786666666659
2025-10-29,09:50-12:30,1316.0628833333326
2025-10-29,12:50-18:10,2415.278975925926
2025-10-29,18:50-19:20,55.96013333333342
2025-10-29,20:00-21:40,145.96105
2025-10-29,22:10-23:00,102.10458333333361
2025-10-29,23:50-00:10+1,7.236183333333315
2025-10-30,00:10-00:20,6.4377666666666755
2025-10-30,00:50-01:40,142.08333333333326
2025-10-30,03:00-03:40,97.02303333333339
2025-10-30,04:00-04:20,72.31796666666662
2025-10-30,04:50-05:00,14.390733333333287
2025-10-30,06:00-06:30,22.324283333333057
2025-10-30,06:40-07:00,44.869150000000076
2025-10-30,07:10-08:40,532.8331166666665
2025-10-30,10:10-11:00,506.2699166666671
2025-10-30,11:10-12:10,273.9229833333343
2025-10-30,12:30-12:40,35.38291666666669
2025-10-30,13:30-13:50,92.02936666666642
2025-10-30,14:10-14:40,113.53588333333323
2025-10-30,14:50-18:10,958.4599333333331
2025-10-30,18:30-19:00,107.11036666666661
2025-10-30,19:30-19:40,26.276666666666642
2025-10-30,20:10-20:20,5.468216666666763
2025-10-30,20:50-21:10,71.66936666666663
2025-10-30,21:20-21:50,78.97261666666657
2025-10-30,22:00-22:10,24.414999999999964
2025-10-30,22:40-23:50,104.92958333333286
2025-10-31,00:10-01:10,79.41611666666665
2025-10-31,01:30-02:00,78.91236666666674
2025-10-31,03:20-03:40,12.818299999999965
2025-10-31,03:50-04:20,29.395616666666626
2025-10-31,04:30-04:50,49.14361666666673
2025-10-31,05:20-05:40,60.78744999999998
2025-10-31,06:20-07:40,272.7612000000001
2025-10-31,08:10-08:40,140.74426666666665
2025-10-31,09:10-09:30,261.30044999999996
2025-10-31,09:40-10:00,222.60108333333335
2025-10-31,10:20-10:30,124.27060000000006
2025-10-31,10:40-10:50,104.84861666666689
2025-10-31,11:10-11:40,409.3200499999998
2025-10-31,11:50-12:00,146.68425000000002
2025-10-31,12:10-12:20,212.6619999999998
2025-10-31,12:30-12:50,362.4747333333328
2025-10-31,13:20-13:40,250.95284999999967
2025-10-31,14:10-14:20,24.977033333333225
2025-10-31,14:30-14:40,87.85374999999999
2025-10-31,14:50-15:00,131.5951351851818
2025-10-31,15:30-17:10,466.97988333333296
2025-10-31,17:30-17:40,13.39333333333326
2025-10-31,18:00-18:30,71.73373333333333
2025-10-31,18:50-19:00,20.423016666666694
2025-10-31,19:30-19:50,51.394000000000005
2025-10-31,20:50-21:00,1.3113833333333673
2025-10-31,21:30-21:50,32.255200000000116
2025-10-31,22:00-22:30,45.59738333333337
2025-10-31,22:40-22:50,26.221250000000055
2025-10-31,23:50-00:00+1,11.286849999999959
2025-11-01,00:10-00:30,15.389949999999999
2025-11-01,02:00-02:30,49.4935999999999
2025-11-01,02:40-03:50,324.7839333333333
2025-11-01,04:30-04:50,41.338199999999915
2025-11-01,05:10-05:40,68.76155000000007
2025-11-01,06:00-06:40,77.57514999999995
2025-11-01,07:00-08:30,533.3177499999998
2025-11-01,08:40-09:10,162.1893500000001
2025-11-01,09:20-09:30,49.00473333333332
2025-11-01,10:40-11:00,77.78281666666703
2025-11-01,11:10-11:20,41.719383333333326
2025-11-01,11:50-12:20,253.04486666666662
2025-11-01,12:40-12:50,108.18143333333364
2025-11-01,13:00-13:10,134.0012499999998
2025-11-01,13:30-13:50,171.7122166666661
2025-11-01,14:00-14:20,156.3687500000002
2025-11-01,14:40-15:00,68.96304999999984
2025-11-01,15:20-17:40,663.2457641975319
2025-11-01,18:40-19:00,15.038400000000024
2025-11-01,19:40-20:00,27.185049999999933
2025-11-01,20:50-21:10,38.992516666666575
2025-11-01,21:30-21:40,27.866666666666674
2025-11-01,22:00-22:20,44.8936166666665
2025-11-01,22:50-23:00,9.618349999999964
2025-11-01,23:30-00:10+1,27.516833333333295
2025-11-02,00:30-01:20,40.14801666666676
2025-11-02,02:00-02:30,43.29583333333335
2025-11-02,02:40-03:20,92.14175
2025-11-02,04:50-05:30,172.11273333333327
2025-11-02,05:50-06:00,18.961599999999976
2025-11-02,06:40-11:00,1933.6041666666654
2025-11-02,11:10-12:10,379.85116666666636
2025-11-02,12:30-17:20,1855.332534567903
2025-11-02,18:20-20:10,306.3445000000002
2025-11-02,20:20-21:10,83.75620000000004
2025-11-02,21:50-22:30,94.31061666666676
2025-11-02,23:00-23:20,17.693333333333157
2025-11-03,00:20-00:30,4.714733333333243
2025-11-03,00:40-02:00,89.82641666666689
2025-11-03,02:20-03:40,150.09770000000003
2025-11-03,04:00-04:20,26.549466666666603
2025-11-03,04:40-05:00,23.109950000000026
2025-11-03,05:10-05:30,125.54521666666663
2025-11-03,06:40-07:40,233.3308333333331
2025-11-03,08:10-13:40,5780.720199999999
2025-11-03,14:00-14:10,20.119999999999663
2025-11-03,14:40-14:50,9.187900000000127
2025-11-03,15:20-15:50,58.7035833333332
2025-11-03,16:20-17:30,137.56539999999967
2025-11-03,17:50-18:40,133.56574999999987
2025-11-03,19:20-19:40,6.9372999999999365
2025-11-03,20:40-21:10,31.575366666666582
2025-11-03,22:00-22:20,41.97231666666653
2025-11-03,23:00-23:10,11.946666666666488
2025-11-03,23:30-00:10+1,108.39661666666598
2025-11-04,00:10-00:20,13.498183333333145
2025-11-04,00:40-01:00,79.14996666666673
2025-11-04,02:10-02:40,68.8461500000002
2025-11-04,03:30-04:30,91.0901
2025-11-04,05:10-07:00,296.45045000000016
2025-11-04,07:40-08:00,54.345983333333265
2025-11-04,09:20-11:50,1670.7183166666669
2025-11-04,12:10-12:30,69.59973333333346
2025-11-04,14:00-14:30,112.23129999999924
2025-11-04,14:40-15:00,53.08629999999994
2025-11-04,15:10-15:30,56.17798333333269
2025-11-04,15:50-16:20,116.93086666666665
2025-11-04,16:30-17:00,78.96943333333323
2025-11-04,17:10-20:40,492.84960000000024
2025-11-04,21:00-21:30,63.17991666666683
2025-11-04,22:00-22:30,58.2909166666667
2025-11-04,23:10-00:00+1,96.20245000000011
2025-11-05,00:10-01:00,109.67336666666654
2025-11-05,01:10-01:50,104.54894999999999
2025-11-05,02:10-02:40,69.16384999999991
2025-11-05,03:00-03:30,59.61948333333328
2025-11-05,04:00-04:10,17.16666666666663
2025-11-05,04:50-05:20,130.1177
2025-11-05,06:00-06:20,16.741016666666724
2025-11-05,06:40-08:50,528.6726666666666
2025-11-05,09:00-09:10,3.9366666666666106
2025-11-05,11:10-11:20,27.633133333333262
2025-11-05,11:50-12:00,45.034200000000055
2025-11-05,12:20-13:10,195.9110999999998
2025-11-05,14:30-15:10,115.83821666666688
2025-11-05,15:30-17:40,677.5535166666667
2025-11-05,18:00-18:20,36.85619999999979
2025-11-05,18:40-18:50,8.71463333333339
2025-11-05,19:20-19:50,17.495566666666946
2025-11-05,21:00-21:10,8.75
2025-11-05,21:50-22:10,62.75366666666673
2025-11-05,22:30-23:10,104.92233333333343
2025-11-05,23:30-23:40,22.508333333333212
2025-11-06,00:20-00:50,63.16673333333347
2025-11-06,01:40-02:20,101.74743333333333
2025-11-06,02:30-03:10,113.62391666666667
2025-11-06,03:40-04:00,52.047199999999975
2025-11-06,04:20-04:40,29.383383333333427
2025-11-06,05:10-06:00,166.5312000000003
2025-11-06,06:30-14:10,6271.240681893
2025-11-06,14:40-15:00,22.54849999999999
2025-11-06,16:20-17:20,127.11703333333357
2025-11-06,17:40-18:00,10.586116666666786
2025-11-06,18:10-18:30,67.7599666666666
2025-11-06,18:50-19:10,43.99288333333334
2025-11-06,20:20-21:30,151.3975333333335
2025-11-06,21:40-22:00,47.612483333333444
2025-11-06,22:20-22:40,80.25549999999998
2025-11-06,23:00-23:50,73.51601666666647
2025-11-07,00:40-01:00,18.163100000000043
2025-11-07,01:10-03:00,279.94496666666635
2025-11-07,03:30-04:00,43.22008333333338
2025-11-07,05:00-05:10,0.48500000000001364
2025-11-07,06:00-06:40,71.5482499999999
2025-11-07,06:50-08:40,825.30605
2025-11-07,08:50-09:20,221.9321666666658
2025-11-07,09:50-10:10,146.0565333333335
2025-11-07,10:20-10:30,126.98166666666691
2025-11-07,10:40-10:50,137.77783333333332
2025-11-07,11:00-11:20,167.51773333333335
2025-11-07,17:00-18:00,235.9989000000001
2025-11-07,18:30-18:40,7.034999999999968
2025-11-07,19:10-19:20,11.446416666666728
2025-11-07,19:50-20:10,35.638366666666684
2025-11-07,20:20-21:00,99.22943333333325
2025-11-07,22:30-23:40,209.71568333333346
2025-11-07,00:00+1-00:10+1,26.4616666666667
2025-11-08,00:10-00:30,93.61020000000008
2025-11-08,00:50-01:00,7.309316666666632
2025-11-08,01:10-01:50,115.02591666666672
2025-11-08,02:20-02:40,53.328650000000096
2025-11-08,03:10-03:20,13.788733333333312
2025-11-08,04:00-05:10,34.64756666666678
2025-11-08,06:10-07:40,230.83731666666648
2025-11-08,07:50-08:20,107.06383333333349
2025-11-08,08:40-09:10,123.67948333333322
2025-11-08,09:30-10:00,154.89061666666657
2025-11-08,10:50-11:00,112.20910000000003
2025-11-08,11:20-11:30,110.6989500000002
2025-11-08,11:40-11:50,72.29783333333353
2025-11-08,12:10-12:20,51.608400000000074
2025-11-08,12:30-12:40,6.067916666666861
2025-11-08,13:00-13:20,87.89845000000014
2025-11-08,13:30-13:50,37.12806666666688
2025-11-08,16:00-16:10,3.2450000000000045
2025-11-08,16:30-17:30,145.22464999999994
2025-11-08,17:40-18:00,38.61790000000006
2025-11-08,18:50-20:10,216.65713333333323
2025-11-08,20:30-20:50,17.953683333333288
2025-11-08,21:20-21:50,20.73413333333326
2025-11-08,22:20-22:50,63.63941666666665
2025-11-09,00:30-00:50,46.01968333333343
2025-11-09,01:20-01:40,54.592283333333285
2025-11-09,02:10-02:20,3.788249999999948
2025-11-09,03:20-04:40,154.12693333333345
2025-11-09,05:20-05:30,12.767733333333226
2025-11-09,05:50-06:10,18.80193333333343
2025-11-09,06:50-09:00,428.76088333333365
2025-11-09,09:20-09:40,68.2995666666668
2025-11-09,10:00-10:40,221.61234999999988
2025-11-09,11:00-13:10,1064.2000999999996
2025-11-09,14:10-18:20,1425.8016650205727
2025-11-09,18:40-19:00,23.41973333333339
2025-11-09,20:00-20:20,26.755350000000135
2025-11-09,20:50-21:30,99.73111666666671
2025-11-09,22:20-23:00,83.1840666666667
2025-11-09,23:50-00:10+1,42.38554999999997
2025-11-10,00:30-00:50,52.453333333333376
2025-11-10,01:20-01:40,75.4924666666667
2025-11-10,02:00-02:20,28.81239999999991
2025-11-10,02:50-03:00,13.304816666666625
2025-11-10,03:40-05:10,116.56836666666679
2025-11-10,05:40-09:50,1861.8263333333334
2025-11-10,10:20-17:30,2457.0826666666653
2025-11-10,17:40-18:00,26.691483333333252
2025-11-10,18:10-18:30,72.29761666666673
2025-11-10,18:40-19:10,101.42310000000003
2025-11-10,19:20-19:50,38.73506666666674
2025-11-10,20:00-20:40,99.90416666666658
2025-11-10,21:00-21:10,47.510000000000105
2025-11-10,21:30-22:10,149.70119999999997
2025-11-10,23:10-23:40,60.850016666666534
2025-11-11,00:20-00:40,36.98276666666675
2025-11-11,01:00-02:20,213.05878333333294
2025-11-11,02:40-03:00,2.8672999999998865
2025-11-11,04:40-05:00,22.637183333333233
2025-11-11,05:10-05:30,7.264549999999921
2025-11-11,05:40-05:50,0.011816666666618403
2025-11-11,06:30-06:40,15.01833333333343
2025-11-11,06:50-11:00,1729.2495166666663
2025-11-11,11:20-13:40,1411.4100337448583
2025-11-11,14:20-17:30,1086.6357999999993
2025-11-11,18:00-18:20,24.269900000000014
2025-11-11,18:30-18:50,8.943499999999911
2025-11-11,19:50-20:10,17.0935833333333
2025-11-11,21:30-22:50,171.73911666666663
2025-11-11,23:10-23:40,88.74125000000004
2025-11-11,00:00+1-00:10+1,20.43333333333328
2025-11-12,01:00-01:20,14.734550000000127
2025-11-12,01:50-02:10,13.480066666666744
2025-11-12,03:40-04:00,25.118766666666602
2025-11-12,04:20-05:00,64.51735000000009
2025-11-12,05:30-05:40,18.37833333333333
2025-11-12,06:20-06:40,73.53883333333332
2025-11-12,07:00-07:50,210.6699999999999
2025-11-12,08:10-11:10,1244.594816666666
2025-11-12,11:30-11:40,7.833750000000009
2025-11-12,13:10-14:40,707.4821502057642
2025-11-12,15:30-15:40,7.279583333333335
2025-11-12,16:10-16:40,64.11821666666677
2025-11-12,16:50-17:20,86.9800499999997
2025-11-12,17:30-18:00,49.95081666666685
2025-11-12,18:30-18:50,46.239000000000075
2025-11-12,19:10-20:50,197.35368333333298
2025-11-12,21:10-21:30,29.826416666666432
2025-11-12,21:40-22:00,39.18374999999992
2025-11-12,22:40-22:50,3.744283333333442
2025-11-12,23:10-23:30,22.334100000000035
2025-11-12,23:50-00:10+1,60.74008333333336
2025-11-13,00:10-00:40,22.415116666666563
2025-11-13,01:00-01:30,49.38695000000007
2025-11-13,02:00-02:30,79.94681666666679
2025-11-13,03:00-03:10,4.69500000000005
2025-11-13,03:20-03:40,46.079599999999914
2025-11-13,04:00-04:30,51.612300000000005
2025-11-13,04:40-05:20,109.9484666666668
2025-11-13,06:00-06:40,54.99333333333315
2025-11-13,06:50-07:20,116.26898333333318
2025-11-13,07:30-07:50,15.06365000000008
2025-11-13,11:30-11:50,132.48755000000028
2025-11-13,12:10-13:10,614.9815166666663
2025-11-13,13:30-17:50,2185.0932499999954
2025-11-13,18:50-20:40,250.26998333333324
2025-11-13,22:00-22:20,43.21813333333307
2025-11-13,22:40-23:00,38.5884166666666
2025-11-13,00:00+1-00:10+1,8.890000000000043
2025-11-14,00:10-00:50,59.29183333333333
2025-11-14,02:00-02:20,30.84181666666666
2025-11-14,03:00-03:30,68.4802666666667
2025-11-14,04:30-04:50,31.629750000000058
2025-11-14,05:00-05:30,51.7031166666667
2025-11-14,05:50-06:10,14.778000000000016
2025-11-14,06:40-07:00,27.364933333333305
2025-11-14,07:20-07:40,47.49874999999983
2025-11-14,11:10-11:20,88.14560000000029
2025-11-14,11:30-12:50,1325.750783333333
2025-11-14,13:00-13:20,398.10451666666654
2025-11-14,13:40-13:50,158.58516666666696
2025-11-14,14:00-14:10,205.26166666666666
2025-11-14,14:30-14:50,282.4187999999998
2025-11-14,15:00-15:20,310.40971502057596
2025-11-14,15:30-17:20,871.9494833333333
2025-11-14,18:40-19:10,82.35218333333327
2025-11-14,19:30-19:40,7.123333333333335
2025-11-14,20:00-20:20,37.716216666666696
2025-11-14,21:20-22:20,172.89383333333336
2025-11-14,23:40-00:00+1,49.57469999999989
2025-11-15,00:30-01:10,68.08228333333335
2025-11-15,01:30-01:40,7.156666666666638
2025-11-15,01:50-02:20,36.206533333333255
2025-11-15,02:50-03:10,20.473100000000045
2025-11-15,03:20-04:30,268.49943333333334
2025-11-15,04:50-05:50,92.14898333333325
2025-11-15,06:30-08:40,702.3679333333333
2025-11-15,09:00-09:40,181.05491666666683
2025-11-15,09:50-10:00,60.23681666666664
2025-11-15,10:10-10:20,146.90486666666663
2025-11-15,10:40-11:00,44.65396666666675
2025-11-15,11:40-11:50,11.00929999999994
2025-11-15,12:00-12:20,220.51945
2025-11-15,12:40-13:00,272.2819500000003
2025-11-15,13:20-13:50,347.8898499999997
2025-11-15,14:00-14:20,130.96678333333352
2025-11-15,14:40-14:50,124.13815
2025-11-15,15:10-15:20,131.30846502057716
2025-11-15,15:30-16:20,310.5028500000001
2025-11-15,16:40-17:00,58.18039999999999
2025-11-15,17:20-17:40,18.97919999999999
2025-11-15,18:00-18:50,82.39946666666663
2025-11-15,19:50-20:50,165.22446666666684
2025-11-15,21:10-21:20,25.928800000000024
2025-11-15,21:50-22:10,30.65564999999998
2025-11-15,22:50-23:30,99.2943499999999
2025-11-16,00:10-00:30,91.29579999999964
2025-11-16,00:50-01:20,65.75150000000008
2025-11-16,01:50-02:10,68.0152833333334
2025-11-16,02:30-02:50,14.306600000000117
2025-11-16,03:20-03:40,7.494299999999953
2025-11-16,04:00-04:20,14.551749999999856
2025-11-16,04:40-05:10,31.73901666666665
2025-11-16,05:20-05:50,81.89041666666681
2025-11-16,06:00-07:00,154.71826666666666
2025-11-16,07:20-08:10,112.66616666666701
2025-11-16,08:20-12:00,2289.4015499999996
2025-11-16,13:10-14:10,395.86023333333287
2025-11-16,15:00-17:20,600.4022500000005
2025-11-16,17:50-18:10,77.92058333333341
2025-11-16,18:30-18:40,11.691666666666606
2025-11-16,19:00-19:10,9.311666666666724
2025-11-16,19:30-20:00,17.372550000000047
2025-11-16,20:30-21:00,91.12911666666673
2025-11-16,21:30-21:40,40.313333333333276
2025-11-16,22:00-22:20,6.885716666666667
2025-11-16,22:30-22:40,3.408333333333303
2025-11-16,23:00-23:40,129.35001666666676
2025-11-16,23:50-00:10+1,29.6088166666666
2025-11-17,00:50-01:30,145.6460833333333
2025-11-17,01:50-02:20,80.62176666666676
2025-11-17,03:00-03:30,87.52771666666649
2025-11-17,03:40-04:00,29.601400000000012
2025-11-17,04:40-05:00,8.033516666666742
2025-11-17,05:10-05:40,87.61943333333338
2025-11-17,06:30-07:00,21.111383333333297
2025-11-17,07:10-08:30,141.34661666666625
2025-11-17,09:00-09:10,41.722916666666606
2025-11-17,09:20-10:30,400.4143166666671
2025-11-17,10:40-11:00,29.38568333333319
2025-11-17,13:00-13:10,40.28874999999971
2025-11-17,13:30-13:50,47.116533333333564
2025-11-17,14:10-14:30,25.309516666666582
2025-11-17,15:20-15:30,12.370216666666579
2025-11-17,16:40-17:10,145.42821666666634
2025-11-17,17:30-17:40,9.37833333333333
2025-11-17,18:30-18:40,4.5166666666666515
2025-11-17,19:10-19:30,17.561983333333274
2025-11-17,19:40-19:50,3.0243666666666513
2025-11-17,20:30-21:00,73.40718333333325
2025-11-17,21:20-21:30,9.782833333333315
2025-11-17,22:00-22:50,102.18068333333315
2025-11-17,23:10-23:30,49.04624999999987
2025-11-18,00:10-00:30,16.8109166666668
2025-11-18,00:40-01:40,108.71945000000017
2025-11-18,02:10-02:20,13.342283333333285
2025-11-18,02:50-03:00,2.8098999999999705
2025-11-18,03:10-03:40,73.85601666666673
2025-11-18,04:10-05:00,136.51965000000007
2025-11-18,05:10-05:20,5.887550000000033
2025-11-18,05:50-06:00,1.831616666666588
2025-11-18,06:10-06:20,9.8999666666665
2025-11-18,06:50-07:00,5.0999333333332535
2025-11-18,07:10-07:30,7.801883333333336
2025-11-18,07:50-09:00,219.63466666666648
2025-11-18,10:20-15:40,3369.580293827163
2025-11-18,16:10-17:20,287.79303333333337
2025-11-18,17:50-18:00,3.088833333333355
2025-11-18,18:50-19:20,42.44816666666679
2025-11-18,19:30-19:40,13.14666666666676
2025-11-18,20:20-20:30,0.9010833333333039
2025-11-18,20:40-21:30,128.21131666666633
2025-11-18,22:00-22:10,16.03166666666675
2025-11-18,22:30-23:10,128.25720000000024
2025-11-18,23:40-00:00+1,48.99808333333351
2025-11-19,00:10-00:30,22.460550000000012
2025-11-19,00:40-01:10,100.9063000000001
2025-11-19,01:30-02:40,133.85078333333308
2025-11-19,03:10-03:40,111.42513333333318
2025-11-19,04:00-04:10,25.13833333333332
2025-11-19,05:00-05:20,47.430233333333376
2025-11-19,05:50-06:10,136.77960000000002
2025-11-19,06:40-07:40,194.65826666666672
2025-11-19,07:50-13:50,2862.1238500000004
2025-11-19,14:00-15:10,366.5991666666662
2025-11-19,15:20-16:50,434.75378333333333
2025-11-19,17:40-18:30,84.08360000000003
2025-11-19,19:00-19:20,34.54330000000016
2025-11-19,19:50-20:00,3.93954999999994
2025-11-19,20:20-21:20,210.1744000000001
2025-11-19,21:30-21:40,2.05499999999995
2025-11-19,22:20-22:40,27.03728333333345
2025-11-19,22:50-00:10+1,151.22350000000029
2025-11-20,00:10-00:30,8.997766666666394
2025-11-20,01:00-01:20,16.201566666666622
2025-11-20,01:40-02:00,64.75724999999989
2025-11-20,02:40-03:00,30.700366666666696
2025-11-20,03:20-04:00,91.40768333333335
2025-11-20,04:30-05:00,48.19963333333328
2025-11-20,05:30-06:00,103.52464999999984
2025-11-20,06:40-06:50,5.931666666666501
2025-11-20,07:10-07:40,100.56046666666654
2025-11-20,08:00-11:20,1122.5973999999992
2025-11-20,11:30-12:20,231.10565000000042
2025-11-20,12:50-16:40,908.5564868312773
2025-11-20,16:50-17:10,69.50848333333325
2025-11-20,18:00-18:40,117.03393333333355
2025-11-20,19:10-19:30,20.653983333333485
2025-11-20,20:40-21:40,157.0544
2025-11-20,22:00-22:10,3.0750000000000455
2025-11-20,22:30-22:50,29.83911666666677
2025-11-20,23:20-00:00+1,168.04349999999982
2025-11-21,00:50-01:10,21.059916666666652
2025-11-21,01:40-02:00,53.48275000000007
2025-11-21,02:10-02:30,22.349466666666615
2025-11-21,02:40-03:10,95.26444999999995
2025-11-21,03:20-04:20,251.26374999999985
2025-11-21,04:40-05:00,70.84629999999999
2025-11-21,05:40-06:00,44.12046666666657
2025-11-21,06:10-06:30,42.46963333333336
2025-11-21,06:50-08:30,447.33956666666677
2025-11-21,08:50-09:10,114.47933333333333
2025-11-21,09:20-10:00,108.39105000000006
2025-11-21,11:30-11:50,119.75631666666641
2025-11-21,12:00-12:50,94.83395000000041
2025-11-21,13:20-13:30,60.62064999999984
2025-11-21,14:10-14:30,35.9433833333336
2025-11-21,14:40-15:00,54.43786666666665
2025-11-21,15:20-15:40,54.58741666666657
2025-11-21,16:00-16:20,91.2755166666667
2025-11-21,16:50-17:30,49.91621666666671
2025-11-21,17:40-18:10,65.85681666666673
2025-11-21,19:10-19:30,22.193083333333334
2025-11-21,19:50-20:00,3.2592833333333147
2025-11-21,21:00-21:30,69.83445
2025-11-21,21:40-22:00,44.66816666666654
2025-11-21,22:20-23:50,195.36319999999944
2025-11-22,00:10-00:30,49.00810000000001
2025-11-22,00:40-01:00,22.995416666666642
2025-11-22,02:10-02:40,76.43285000000003
2025-11-22,03:00-03:20,64.42235000000005
2025-11-22,03:40-04:10,46.11783333333341
2025-11-22,04:30-05:40,74.53055000000008
2025-11-22,06:00-07:20,185.33948333333333
2025-11-22,07:30-09:40,467.65468333333274
2025-11-22,09:50-10:00,62.68878333333339
2025-11-22,10:30-10:40,52.79791666666654
2025-11-22,11:00-12:20,552.2635166666669
2025-11-22,12:30-12:40,40.66750000000002
2025-11-22,13:50-14:40,168.250884567899
2025-11-22,15:20-16:00,84.11405000000002
2025-11-22,16:10-17:10,369.36621666666656
2025-11-22,17:40-18:10,39.082016666666696
2025-11-22,18:40-19:00,54.396016666666725
2025-11-22,19:30-19:50,18.338799999999992
2025-11-22,20:10-20:30,11.863849999999957
2025-11-22,20:50-21:10,50.57943333333333
2025-11-22,21:30-21:50,27.557366666666553
2025-11-22,22:00-22:10,10.0150000000001
2025-11-22,22:20-22:50,53.51690000000025
2025-11-22,23:10-23:30,29.268666666666604
2025-11-22,23:40-00:10+1,24.126500000000135
2025-11-23,00:30-01:00,83.08921666666663
2025-11-23,01:20-01:50,58.458099999999945
2025-11-23,02:10-02:30,28.427250000000072
2025-11-23,03:00-03:20,73.80089999999996
2025-11-23,03:30-04:00,63.18556666666666
2025-11-23,04:20-04:40,41.79991666666672
2025-11-23,04:50-05:20,66.40283333333343
2025-11-23,05:40-06:00,50.10726666666655
2025-11-23,07:00-13:00,1669.0724000000007
2025-11-23,14:10-14:20,11.108649999999898
2025-11-23,17:10-17:30,37.30535000000013
2025-11-23,17:40-17:50,0.6923666666665831
2025-11-23,18:10-18:40,91.9505333333336
2025-11-23,19:00-19:30,60.89790000000005
2025-11-23,20:10-20:20,2.984416666666675
2025-11-23,20:50-21:30,135.36511666666627
2025-11-23,21:50-22:00,2.89076666666665
2025-11-23,22:20-22:40,13.122450000000072
2025-11-23,23:40-23:50,13.506150000000162
2025-11-24,00:10-00:50,137.47860000000026
2025-11-24,01:20-01:50,66.5243333333334
2025-11-24,02:30-02:50,23.139116666666723
2025-11-24,03:20-03:40,33.91798333333338
2025-11-24,04:00-04:10,6.856666666666683
2025-11-24,04:30-04:40,6.106666666666683
2025-11-24,04:50-05:10,22.588483333333215
2025-11-24,05:30-06:30,188.06756666666666
2025-11-24,07:00-07:40,116.2057666666667
2025-11-24,08:50-09:10,9.309133333333307
2025-11-24,11:40-13:00,492.62141666666685
2025-11-24,13:10-16:40,1282.2559775720129
2025-11-24,17:30-17:50,19.738916666666572
2025-11-24,18:20-19:20,101.04771666666664
2025-11-24,19:50-20:40,171.47361666666677
2025-11-24,20:50-21:40,98.19943333333333
2025-11-24,22:00-22:10,2.061666666666497
2025-11-24,22:40-00:10+1,298.1141166666665
2025-11-25,00:30-00:40,16.133333333333326
2025-11-25,01:40-02:10,26.494366666666565
2025-11-25,02:20-02:50,100.88723333333337
2025-11-25,03:00-03:20,33.42803333333336
2025-11-25,03:40-04:30,163.70011666666664
2025-11-25,04:50-05:10,50.74064999999996
2025-11-25,05:30-05:50,40.51778333333323
2025-11-25,06:20-06:40,12.121783333333303
2025-11-25,06:50-07:20,31.48514999999992
2025-11-25,07:30-10:40,1453.0049166666668
2025-11-25,11:00-12:10,423.2896833333325
2025-11-25,13:20-13:50,116.05483333333336
2025-11-25,14:00-14:10,13.631250000000023
2025-11-25,15:40-16:00,61.7881000000001
2025-11-25,16:30-17:00,77.22679999999997
2025-11-25,17:30-18:00,67.71979999999989
2025-11-25,18:10-18:40,47.008266666666806
2025-11-25,18:50-19:10,15.015699999999924
2025-11-25,19:20-19:40,16.099483333333296
2025-11-25,20:00-20:10,1.8999999999999773
2025-11-25,20:30-20:50,56.75125000000014
2025-11-25,21:30-22:20,117.1410666666668
2025-11-25,23:10-00:10+1,149.73306666666713
2025-11-26,00:30-00:40,12.711666666666588
2025-11-26,01:00-01:10,6.453333333333262
2025-11-26,02:20-03:00,97.6040833333335
2025-11-26,03:40-04:00,24.240433333333385
2025-11-26,04:10-04:30,32.03123333333326
2025-11-26,05:20-05:50,78.61873333333321
2025-11-26,06:10-06:30,132.6744666666666
2025-11-26,07:10-08:50,220.03850000000074
2025-11-26,09:00-09:10,4.526250000000118
2025-11-26,09:40-09:50,5.858416666666699
2025-11-26,10:10-10:30,20.879733333333206
2025-11-26,10:40-11:00,39.51130000000012
2025-11-26,11:10-11:30,113.55656666666641
2025-11-26,11:40-14:40,1540.235812962961
2025-11-26,14:50-16:30,353.70449999999954
2025-11-26,16:40-17:20,139.67516666666663
2025-11-26,18:10-18:30,13.570316666666518
2025-11-26,18:40-19:10,58.0780999999998
2025-11-26,20:20-20:40,8.815149999999903
2025-11-26,21:20-21:30,12.530949999999962
2025-11-26,22:00-22:10,15.12833333333333
2025-11-26,23:10-23:50,79.80529999999976
2025-11-27,00:30-01:00,41.72288333333336
2025-11-27,01:30-02:10,42.64213333333328
2025-11-27,02:30-02:40,41.36833333333334
2025-11-27,03:10-03:30,21.621733333333395
2025-11-27,04:00-04:20,13.470500000000015
2025-11-27,05:00-05:30,59.191316666666694
2025-11-27,05:50-06:10,53.88919999999989
2025-11-27,06:20-06:40,44.3146833333334
2025-11-27,07:00-08:10,279.3922333333335
2025-11-27,09:10-12:00,973.6596666666667
2025-11-27,13:50-14:10,14.068616666666571
2025-11-27,14:50-17:00,742.2074500000011
2025-11-27,17:40-18:00,32.046566666666465
2025-11-27,18:30-18:50,43.07789999999989
2025-11-27,19:50-20:50,114.05421666666643
2025-11-27,21:40-22:00,31.120750000000044
2025-11-27,22:10-22:30,32.79004999999995
2025-11-27,22:50-23:30,39.238016666666454
2025-11-28,00:20-01:00,74.08581666666663
2025-11-28,01:10-01:40,65.67306666666661
2025-11-28,02:30-02:40,13.883333333333269
2025-11-28,03:10-03:30,13.303399999999954
2025-11-28,04:10-04:40,119.47164999999995
2025-11-28,05:00-05:10,47.20999999999998
2025-11-28,06:00-06:40,89.11630000000005
2025-11-28,07:00-07:20,27.955300000000108
2025-11-28,07:40-09:50,707.5626000000002
2025-11-28,10:00-10:30,412.44866666666667
2025-11-28,10:50-11:20,300.12838333333355
2025-11-28,11:50-12:40,206.33259999999996
2025-11-28,13:30-13:40,84.01041666666652
2025-11-28,15:00-15:50,215.51247325102912
2025-11-28,16:10-16:50,169.8259499999998
2025-11-28,17:00-17:40,40.33330000000001
2025-11-28,18:20-18:40,57.684866666666665
2025-11-28,19:00-21:00,328.90583333333353
2025-11-28,23:50-00:10+1,75.09726666666671
2025-11-29,01:10-01:30,16.99340000000001
2025-11-29,01:50-02:20,71.07544999999999
2025-11-29,02:30-02:50,21.90246666666667
2025-11-29,03:30-04:00,17.086533333333364
2025-11-29,04:30-04:50,60.51998333333324
2025-11-29,05:40-05:50,17.508816666666757
2025-11-29,06:10-06:50,68.27234999999992
2025-11-29,07:20-08:20,255.45008333333334
2025-11-29,08:40-09:10,87.33015000000006
2025-11-29,09:30-09:40,5.326250000000073
2025-11-29,09:50-11:30,690.8476666666671
2025-11-29,11:40-12:10,620.7334833333333
2025-11-29,12:20-13:00,795.3403000000001
2025-11-29,13:10-14:10,963.3299833333332
2025-11-29,14:20-14:40,242.31158333333337
2025-11-29,14:50-16:10,659.9224958847726
2025-11-29,17:10-17:30,22.848266666666667
2025-11-29,17:50-18:00,1.0741833333333173
2025-11-29,18:20-18:40,15.523650000000124
2025-11-29,19:00-19:30,53.4444166666666
2025-11-29,20:00-20:20,21.950483333333295
2025-11-29,20:30-20:50,4.020750000000078
2025-11-29,21:20-21:40,26.021333333333416
2025-11-29,22:10-22:20,31.246050000000196
2025-11-29,22:50-23:10,65.94901666666647
2025-11-29,23:30-00:10+1,167.1732999999998
2025-11-30,01:10-02:00,124.78358333333324
2025-11-30,02:20-02:50,14.531150000000025
2025-11-30,03:40-04:10,130.34176666666667
2025-11-30,04:30-04:40,4.94833333333338
2025-11-30,05:10-05:30,44.47953333333328
2025-11-30,05:40-05:50,0.816933333333545
2025-11-30,06:10-06:30,74.0549166666668
2025-11-30,06:40-07:20,125.05199999999994
2025-11-30,07:50-08:00,11.339783333333344
2025-11-30,08:10-09:40,336.1789166666662
2025-11-30,10:10-10:20,7.144333333333066
2025-11-30,11:00-17:10,4888.837704320983
2025-11-30,18:40-19:40,105.1963999999997
2025-11-30,20:00-20:10,24.706666666666706
2025-11-30,20:20-20:40,44.05448333333334
2025-11-30,21:30-22:20,115.44624999999974
2025-11-30,22:40-23:50,133.68273333333332
2025-11-30,00:00+1-00:10+1,6.918333333333408
2025-12-01,00:10-01:10,179.22281666666674
2025-12-01,01:20-16:00,11653.9314
2025-12-01,16:20-17:20,255.71431666666646
2025-12-01,17:50-18:40,135.59531666666646
2025-12-01,19:20-19:40,41.6497333333333
2025-12-01,20:20-20:40,19.213116666666792
2025-12-01,21:10-22:00,72.4435666666667
2025-12-01,22:10-22:30,59.429816666666625
2025-12-01,22:50-23:10,20.503050000000258
2025-12-01,23:40-00:10+1,92.55049999999983
2025-12-02,00:10-17:40,12014.408366666667
2025-12-02,18:00-19:10,233.6530833333335
2025-12-02,19:30-20:20,151.70543333333342
2025-12-02,20:50-21:40,129.7471333333333
2025-12-02,22:00-22:50,57.36216666666678
2025-12-02,23:10-00:10+1,88.13708333333238
2025-12-03,00:10-01:00,246.84830000000034
2025-12-03,01:10-17:00,9718.444033333333
2025-12-03,17:30-18:40,156.79393333333326
2025-12-03,19:10-19:40,52.83881666666673
2025-12-03,20:00-20:20,11.553216666666572
2025-12-03,20:30-21:20,94.03235000000018
2025-12-03,21:30-22:30,158.4355000000004
2025-12-03,22:40-23:20,107.97960000000012
2025-12-03,23:30-00:10+1,101.19253333333336
2025-12-04,00:10-00:30,113.67738333333318
2025-12-04,00:50-16:30,10134.627649999995
2025-12-04,16:40-18:20,321.5985833333335
2025-12-04,18:50-19:40,77.99011666666695
2025-12-04,20:00-20:20,59.22628333333341
2025-12-04,20:40-21:30,114.3444166666668
2025-12-04,21:50-22:40,57.86863333333372
2025-12-04,22:50-00:10+1,256.8918833333333
2025-12-05,00:10-00:40,63.47978333333339
2025-12-05,01:00-01:30,111.36728333333332
2025-12-05,01:40-11:30,5554.902983333333
2025-12-05,11:40-13:00,861.3746000000001
2025-12-05,13:10-13:40,597.5747666666666
2025-12-05,13:50-16:30,2079.796666666666
2025-12-05,16:40-18:30,268.31238333333334
2025-12-05,18:40-19:00,77.56674999999997
2025-12-05,19:50-20:10,25.553783333333286
2025-12-05,21:00-21:10,0.839999999999975
2025-12-05,21:30-22:10,157.1394666666667
2025-12-05,22:20-22:50,127.90633333333335
2025-12-05,23:00-23:10,16.383333333333212
2025-12-05,23:20-00:10+1,229.98483333333337
2025-12-06,00:10-02:30,782.7971333333334
2025-12-06,02:40-12:30,6486.735883333334
2025-12-06,13:00-13:10,0.8874999999999318
2025-12-06,13:30-14:50,435.86446666666643
2025-12-06,15:10-17:30,890.3585666666667
2025-12-06,17:50-18:50,160.15365
2025-12-06,19:00-19:50,145.2064666666667
2025-12-06,20:20-20:40,40.871449999999925
2025-12-06,21:10-21:30,112.33416666666676
2025-12-06,21:50-22:50,110.97906666666677
2025-12-06,23:10-00:10+1,41.84588333333312
2025-12-07,00:10-12:00,5029.663699999999
2025-12-07,12:30-17:00,1926.3055499999998
2025-12-07,17:20-19:00,327.18238333333335
2025-12-07,19:20-20:00,57.20936666666671
2025-12-07,20:10-21:10,142.12099999999987
2025-12-07,22:00-22:40,81.40951666666683
2025-12-07,23:00-00:00+1,151.91300000000012
2025-12-08,00:50-01:30,80.07578333333322
2025-12-08,02:10-02:30,54.666016666666565
2025-12-08,03:40-04:10,61.21888333333334
2025-12-08,04:50-05:10,56.770633333333194
2025-12-08,05:30-06:00,71.87418333333329
2025-12-08,06:40-07:00,73.25451666666658
2025-12-08,07:40-08:00,43.646566666666786
2025-12-08,08:10-08:40,32.07113333333331
2025-12-08,09:30-10:00,94.8060833333335
2025-12-08,10:50-15:40,2130.3334666666674
2025-12-08,16:00-16:40,197.19286666666684
2025-12-08,16:50-17:40,78.54679999999998
2025-12-08,18:40-19:20,26.703416666666556
2025-12-08,19:40-20:10,24.18091666666635
2025-12-08,20:30-21:00,138.29881666666665
2025-12-08,22:20-22:40,61.887283333333244
2025-12-08,23:30-23:50,14.063833333333378
2025-12-09,00:20-00:40,31.321900000000028
2025-12-09,00:50-01:20,97.07128333333333
2025-12-09,01:40-01:50,1.8412166666666963
2025-12-09,03:10-03:40,125.07303333333334
2025-12-09,04:20-05:00,58.715016666666656
2025-12-09,05:30-05:50,61.90473333333331
2025-12-09,06:30-06:40,26.54833333333329
2025-12-09,07:00-07:10,2.6895833333333483
2025-12-09,07:20-07:40,35.895733333333524
2025-12-09,08:00-09:20,218.56256666666619
2025-12-09,13:10-15:20,682.6817166666665
2025-12-09,15:40-16:00,23.3913
2025-12-09,16:20-16:50,67.27559999999974
2025-12-09,17:10-17:30,10.799766666666528
2025-12-09,17:40-18:10,104.94779999999994
2025-12-09,18:20-18:40,28.607433333333447
2025-12-09,19:10-19:30,5.106316666666771
2025-12-09,19:40-20:00,55.31724999999972
2025-12-09,20:20-20:50,107.28016666666679
2025-12-09,21:00-21:20,24.658333333333417
2025-12-09,22:00-22:20,12.629500000000007
2025-12-09,22:40-23:00,50.29418333333342
2025-12-09,00:00+1-00:10+1,2.9950000000000045
2025-12-10,00:20-00:50,25.188949999999863
2025-12-10,01:30-01:40,10.456666666666706
2025-12-10,02:10-02:20,32.94238333333328
2025-12-10,02:50-03:00,24.7817
2025-12-10,03:10-03:50,95.68801666666661
2025-12-10,04:30-04:40,7.2333333333333485
2025-12-10,05:00-05:30,103.69059999999993
2025-12-10,06:10-06:40,128.97479999999982
2025-12-10,07:10-07:30,26.360266666666526
2025-12-10,07:50-08:00,11.217433333333446
2025-12-10,09:20-09:50,72.89718333333326
2025-12-10,10:00-11:30,782.3177833333339
2025-12-10,12:20-14:50,410.59381666666593
2025-12-10,15:00-17:50,575.8519333333325
2025-12-10,18:10-18:20,16.238749999999982
2025-12-10,18:40-20:10,209.61484999999993
2025-12-10,20:50-21:00,1.3910666666665747
2025-12-10,21:20-21:30,14.94853333333333
2025-12-10,22:00-23:20,156.09269999999947
2025-12-10,00:00+1-00:10+1,17.12166666666667
2025-12-11,00:10-01:00,104.68848333333358
2025-12-11,01:10-01:30,5.918616666666708
2025-12-11,01:40-02:10,34.43406666666658
2025-12-11,02:20-02:30,4.29453333333322
2025-12-11,03:00-03:10,1.900000000000091
2025-12-11,05:00-05:10,3.853333333333353
2025-12-11,05:20-05:40,22.251716666666653
2025-12-11,06:00-06:20,30.27361666666657
2025-12-11,07:40-08:10,67.63246666666694
2025-12-11,10:30-12:30,659.9629666666666
2025-12-11,12:50-14:10,403.0988833333339
2025-12-11,15:30-15:40,1.6883333333287283
2025-12-11,16:00-16:10,30.643749999999898
2025-12-11,16:30-16:40,19.27041666666659
2025-12-11,17:00-17:10,6.304583333333312
2025-12-11,17:30-17:40,36.34166666666658
2025-12-11,18:10-18:30,24.063766666666687
2025-12-11,18:40-19:00,27.894149999999968
2025-12-11,19:20-19:50,93.9076500000001
2025-12-11,20:10-20:30,7.856599999999958
2025-12-11,21:20-22:10,57.103033333333315
2025-12-11,22:20-22:50,102.82455000000004
2025-12-11,23:50-00:00+1,1.4268333333333203
2025-12-12,00:40-01:00,66.49081666666672
2025-12-12,01:20-01:50,113.23563333333317
2025-12-12,02:10-02:30,52.19221666666664
2025-12-12,03:20-03:40,50.163016666666636
2025-12-12,04:10-05:00,80.93388333333331
2025-12-12,05:10-05:30,32.53919999999995
2025-12-12,05:50-06:10,25.02598333333333
2025-12-12,06:20-06:50,64.50820000000004
2025-12-12,07:10-07:30,76.5833166666666
2025-12-12,09:00-09:30,59.69844999999998
2025-12-12,09:40-10:20,413.9546499999999
2025-12-12,10:40-13:30,2429.5075166666657
2025-12-12,13:40-13:50,6.436316666666812
2025-12-12,15:10-16:10,137.95428333333325
2025-12-12,16:20-17:20,172.19506666666658
2025-12-12,18:10-18:30,36.07959999999997
2025-12-12,19:00-19:30,36.58448333333331
2025-12-12,20:10-21:30,290.02413333333334
2025-12-12,22:00-22:30,113.30159999999978
2025-12-12,22:50-23:20,66.65375000000017
2025-12-13,00:30-01:00,81.29301666666669
2025-12-13,01:10-02:00,59.83865000000009
2025-12-13,02:30-02:50,36.72569999999996
2025-12-13,03:00-03:10,20.683333333333337
2025-12-13,04:20-04:30,1.4262999999999693
2025-12-13,05:20-06:30,195.32525
2025-12-13,07:20-07:40,38.663449999999955
2025-12-13,07:50-08:20,99.99551666666667
2025-12-13,08:40-09:00,68.97935000000001
2025-12-13,09:20-09:30,5.614883333333182
2025-12-13,10:00-10:40,62.73773333333281
2025-12-13,12:20-15:10,1346.1489269547344
2025-12-13,16:50-17:20,55.85584999999992
2025-12-13,17:30-17:50,15.725866666666775
2025-12-13,18:10-18:30,89.88
2025-12-13,18:50-19:00,1.3821666666666768
2025-12-13,20:00-20:20,51.69290000000001
2025-12-13,20:30-21:10,101.73801666666674
2025-12-13,21:30-22:00,88.50286666666682
2025-12-13,22:20-22:40,25.733666666666863
2025-12-13,23:30-23:40,21.556666666666615
2025-12-13,00:00+1-00:10+1,6.628333333333444
2025-12-14,00:10-00:20,3.5289333333332706
2025-12-14,01:10-01:20,3.107150000000047
2025-12-14,01:50-02:10,1.990183333333448
2025-12-14,02:30-02:40,1.5550000000000637
2025-12-14,02:50-03:10,35.88154999999995
2025-12-14,03:30-03:50,36.51778333333334
2025-12-14,04:10-05:00,76.73306666666667
2025-12-14,05:40-06:00,48.96209999999995
2025-12-14,06:10-06:30,53.67046666666665
2025-12-14,06:50-07:20,44.02053333333326
2025-12-14,07:40-07:50,8.645149999999973
2025-12-14,08:20-10:00,511.48003333333344
2025-12-14,10:10-12:50,1053.4867833333333
2025-12-14,13:00-13:50,218.61784999999975
2025-12-14,14:20-14:50,127.74990000000048
2025-12-14,15:40-16:10,64.93226666666666
2025-12-14,16:30-16:50,28.17140000000012
2025-12-14,17:00-17:40,72.24569999999993
2025-12-14,18:10-18:20,3.258033333333401
2025-12-14,19:00-19:20,41.769599999999855
2025-12-14,19:50-20:20,87.59725000000026
2025-12-14,21:10-21:30,55.38853333333316
2025-12-14,21:40-22:10,49.4050166666666
2025-12-14,22:40-22:50,0.9770333333333383
2025-12-14,00:00+1-00:10+1,25.799999999999955
2025-12-15,00:10-01:20,90.47005000000001
2025-12-15,02:00-02:20,44.791483333333304
2025-12-15,02:40-03:20,30.791566666666654
2025-12-15,03:40-04:00,23.304733333333388
2025-12-15,04:20-04:30,10.317949999999996
2025-12-15,06:10-06:40,77.63493333333302
2025-12-15,07:00-08:20,243.8168500000001
2025-12-15,08:40-12:50,1892.6133333333323
2025-12-15,14:40-16:10,255.25689999999946
2025-12-15,16:30-17:00,41.520883333333714
2025-12-15,17:20-18:00,127.54566666666679
2025-12-15,18:20-18:40,8.217516666666821
2025-12-15,18:50-19:10,16.25253333333336
2025-12-15,19:30-19:40,9.446666666666715
2025-12-15,20:10-20:40,43.78165000000001
2025-12-15,21:00-21:10,12.496666666666556
2025-12-15,21:40-21:50,2.4216166666666368
2025-12-15,22:30-23:50,178.9833000000001
2025-12-16,00:40-00:50,10.362533333333431
2025-12-16,01:20-01:40,40.24196666666671
2025-12-16,02:00-02:40,94.69998333333342
2025-12-16,03:00-03:10,9.285000000000082
2025-12-16,04:00-04:50,94.21189999999979
2025-12-16,05:40-06:40,48.4453333333333
2025-12-16,07:00-07:30,68.46489999999999
2025-12-16,07:50-08:00,6.920733333333402
2025-12-16,08:30-13:20,2908.4797333333336
2025-12-16,13:40-13:50,2.1315666666666857
2025-12-16,15:20-15:40,16.715350000000058
2025-12-16,15:50-16:20,48.88354999999993
2025-12-16,17:10-17:40,23.442116666666568
2025-12-16,18:10-18:30,26.671183333333254
2025-12-16,19:10-19:30,33.31536666666659
2025-12-16,20:10-20:20,17.72874999999999
2025-12-16,20:50-21:10,6.493033333333415
2025-12-16,21:40-22:00,57.225349999999935
2025-12-16,22:10-22:30,53.35516666666649
2025-12-16,23:00-23:40,80.41366666666636
2025-12-16,23:50-00:10+1,55.05896666666672
2025-12-17,00:10-00:20,23.911033333333307
2025-12-17,00:50-01:20,63.53548333333333
2025-12-17,01:40-02:10,90.78283333333331
2025-12-17,02:30-02:40,16.72499999999991
2025-12-17,03:00-03:20,16.367783333333364
2025-12-17,03:40-04:10,44.32878333333326
2025-12-17,05:10-06:10,218.04865000000035
2025-12-17,06:40-07:50,203.26123333333368
2025-12-17,08:00-10:30,551.6019666666664
2025-12-17,11:00-11:10,11.732083333333435
2025-12-17,11:30-12:10,184.21473333333336
2025-12-17,12:20-12:40,45.56981666666661
2025-12-17,14:10-14:20,17.716283333333422
2025-12-17,17:00-17:10,7.997916666666697
2025-12-17,17:40-18:10,37.28683333333326
2025-12-17,18:20-18:50,121.17308333333322
2025-12-17,20:10-21:00,161.96600000000012
2025-12-17,21:20-21:50,77.79219999999998
2025-12-17,23:30-00:00+1,82.76033333333294
2025-12-18,00:30-01:00,83.35619999999994
2025-12-18,01:30-01:40,14.110000000000014
2025-12-18,01:50-02:20,121.41589999999997
2025-12-18,02:40-03:30,205.07196666666687
2025-12-18,03:50-05:00,211.48626666666655
2025-12-18,05:10-05:20,7.413750000000093
2025-12-18,05:40-06:00,105.68864999999992
2025-12-18,07:00-07:50,178.48391666666637
2025-12-18,08:00-09:10,169.15119999999973
2025-12-18,09:20-11:20,922.8769666666665
2025-12-18,13:00-15:50,589.0524833333343
2025-12-18,16:40-17:30,129.09686666666647
2025-12-18,18:20-18:30,3.2612166666668405
2025-12-18,19:00-19:10,4.340000000000032
2025-12-18,19:40-20:00,41.825733333333346
2025-12-18,20:30-21:20,83.36508333333381
2025-12-18,22:10-22:30,32.50291666666669
2025-12-18,22:40-23:00,47.89941666666664
2025-12-18,23:10-23:40,63.97893333333354
2025-12-18,00:00+1-00:10+1,2.0816666666665924
2025-12-19,00:10-00:30,51.60861666666665
2025-12-19,00:50-01:10,58.66591666666665
2025-12-19,02:00-02:20,62.380483333333245
2025-12-19,02:30-02:40,7.4500000000000455
2025-12-19,03:00-04:20,67.73346666666663
2025-12-19,05:00-05:20,21.782250000000044
2025-12-19,05:50-06:20,38.27330000000016
2025-12-19,06:50-07:20,24.499116666666726
2025-12-19,07:40-09:20,284.7947166666668
2025-12-19,13:40-14:40,349.5280308641936
2025-12-19,14:50-15:50,259.39048333333346
2025-12-19,16:10-17:00,108.23799999999983
2025-12-19,17:20-18:10,120.07498333333321
2025-12-19,18:30-19:10,96.83543333333347
2025-12-19,19:30-20:10,81.81254999999999
2025-12-19,20:30-20:50,55.690249999999935
2025-12-19,21:20-22:00,93.30148333333335
2025-12-19,22:30-23:00,67.40268333333324
2025-12-19,23:10-00:00+1,168.68669999999997
2025-12-20,01:00-01:10,13.069999999999993
2025-12-20,01:40-02:30,81.23750000000018
2025-12-20,03:10-03:30,11.766283333333377
2025-12-20,03:50-05:50,208.58313333333354
2025-12-20,06:40-07:00,103.67278333333319
2025-12-20,07:20-07:40,13.557516666666722
2025-12-20,08:00-09:50,419.26546666666684
2025-12-20,11:30-11:40,10.888333333333435
2025-12-20,12:00-12:10,31.78291666666678
2025-12-20,14:30-14:50,7.597633333333306
2025-12-20,15:00-15:30,108.91381666666496
2025-12-20,15:50-16:40,120.06401666666656
2025-12-20,17:10-18:00,130.84493333333324
2025-12-20,18:30-19:30,106.72986666666674
2025-12-20,19:40-20:00,64.1964999999999
2025-12-20,21:10-21:30,27.546250000000043
2025-12-20,21:50-23:30,236.3740333333335
2025-12-21,00:10-00:40,38.86274999999978
2025-12-21,01:10-02:00,106.07089999999982
2025-12-21,02:10-02:30,40.83856666666679
2025-12-21,03:10-03:30,86.11384999999984
2025-12-21,03:40-04:30,201.58325000000002
2025-12-21,05:10-05:40,47.20511666666681
2025-12-21,05:50-06:50,141.14624999999972
2025-12-21,07:10-07:30,22.09775000000005
2025-12-21,07:50-08:20,94.37843333333333
2025-12-21,08:30-09:20,109.18794999999972
2025-12-21,09:40-10:10,52.71889999999962
2025-12-21,10:40-12:00,645.3185499999997
2025-12-21,12:10-12:20,4.113449999999943
2025-12-21,12:40-13:30,149.4334
2025-12-21,14:00-14:10,14.897083333333512
2025-12-21,14:50-15:10,23.412983333333216
2025-12-21,15:20-15:40,58.05423333333317
2025-12-21,17:00-17:10,13.875
2025-12-21,17:30-17:40,8.866666666666788
2025-12-21,18:20-19:10,153.78031666666664
2025-12-21,19:30-19:40,1.073333333333494
2025-12-21,19:50-20:10,51.52381666666645
2025-12-21,20:40-20:50,13.554899999999861
2025-12-21,22:00-22:10,2.038333333333185
2025-12-21,22:50-23:20,40.90533333333315
2025-12-21,23:40-00:00+1,50.274733333333415
2025-12-22,00:10-00:30,99.33920000000012
2025-12-22,00:50-01:00,14.490116666666722
2025-12-22,01:10-02:00,173.32870000000003
2025-12-22,02:20-02:50,75.09844999999984
2025-12-22,03:20-03:40,83.28583333333336
2025-12-22,04:00-04:10,28.216666666666583
2025-12-22,04:30-05:40,126.38356666666655
2025-12-22,06:00-06:20,23.062733333333256
2025-12-22,06:50-08:00,93.31733333333365
2025-12-22,08:10-09:20,258.46720000000016
2025-12-22,12:40-12:50,0.6378499999997302
2025-12-22,13:10-13:30,122.78428333333375
2025-12-22,13:50-14:50,189.7964000000003
2025-12-22,15:40-15:50,0.10075000000011869
2025-12-22,16:50-17:30,40.41474999999981
2025-12-22,18:00-18:50,110.8811666666666
2025-12-22,19:10-20:30,153.4670166666666
2025-12-22,20:50-21:40,168.6188333333331
2025-12-22,22:00-22:20,57.70880000000011
2025-12-22,23:40-00:10+1,63.19074999999998
2025-12-23,00:10-00:20,2.689850000000206
2025-12-23,01:10-01:30,52.515216666666674
2025-12-23,01:50-02:10,38.93661666666651
2025-12-23,02:40-03:00,19.468933333333325
2025-12-23,03:10-04:10,108.86824999999988
2025-12-23,04:40-05:10,69.00631666666652
2025-12-23,06:50-07:00,12.690833333333217
2025-12-23,07:20-07:30,0.15031666666682497
2025-12-23,08:40-08:50,9.437316666666675
2025-12-23,10:30-10:40,12.842083333333221
2025-12-23,14:10-15:30,302.051266666667
2025-12-23,16:20-17:10,116.16516666666675
2025-12-23,17:40-18:00,27.86233333333331
2025-12-23,18:30-18:50,27.08143333333328
2025-12-23,19:40-20:00,33.05298333333337
2025-12-23,20:20-20:50,49.8529666666667
2025-12-23,21:30-22:10,28.5866666666667
2025-12-23,22:30-23:10,100.98936666666668
2025-12-23,23:30-23:50,24.20728333333318
2025-12-24,00:10-00:40,75.41864999999973
2025-12-24,01:00-01:10,7.19500000000005
2025-12-24,02:30-03:00,71.68971666666664
2025-12-24,03:20-03:40,29.566616666666732
2025-12-24,04:00-04:40,123.86703333333332
2025-12-24,05:30-05:40,15.001666666666665
2025-12-24,07:20-08:10,86.58421666666626
2025-12-24,08:30-08:40,0.6466666666668175
2025-12-24,08:50-09:20,85.81773333333331
2025-12-24,09:30-10:20,246.7239333333332
2025-12-24,10:40-11:00,10.077633333332983
2025-12-24,13:10-14:40,523.0711999999999
2025-12-24,15:00-15:20,42.710550000000296
2025-12-24,15:30-15:50,36.573183333333134
2025-12-24,16:10-16:30,32.44981666666678
2025-12-24,17:00-17:40,107.73398333333341
2025-12-24,18:00-18:20,35.48403333333329
2025-12-24,18:50-20:40,254.2792333333329
2025-12-24,21:00-21:20,7.101499999999874
2025-12-24,21:50-22:00,10.186500000000024
2025-12-24,22:30-23:10,104.27756666666664
2025-12-24,00:00+1-00:10+1,31.264999999999986
2025-12-25,00:10-00:20,32.8601000000001
2025-12-25,01:10-01:40,155.0318000000001
2025-12-25,02:10-02:30,37.775133333333315
2025-12-25,02:40-03:00,51.34988333333331
2025-12-25,03:20-03:30,0.17081666666661022
2025-12-25,04:00-04:20,60.70670000000007
2025-12-25,04:50-05:30,135.54309999999995
2025-12-25,06:00-07:20,219.23898333333335
2025-12-25,07:50-08:10,30.208933333333533
2025-12-25,10:50-11:00,12.571866666666665
2025-12-25,11:10-14:00,1499.3157166666665
2025-12-25,14:30-14:40,6.957499999999754
2025-12-25,15:10-15:30,27.619199999999864
2025-12-25,15:50-16:20,117.29003333333327
2025-12-25,17:10-17:30,16.17405000000005
2025-12-25,17:50-18:20,80.67663333333331
2025-12-25,18:30-19:30,100.29623333333345
2025-12-25,19:40-20:10,111.6927333333332
2025-12-25,20:40-21:00,17.93614999999977
2025-12-25,21:20-21:50,31.181249999999977
2025-12-25,22:30-22:40,3.3900000000001
2025-12-25,23:30-00:00+1,138.13979999999987
2025-12-26,00:10-00:50,89.71093333333317
2025-12-26,01:10-01:30,64.01495
2025-12-26,01:40-02:00,54.861500000000035
2025-12-26,02:20-02:50,50.84176666666656
2025-12-26,03:30-03:50,47.10449999999997
2025-12-26,04:00-04:30,43.53168333333326
2025-12-26,04:40-05:00,5.01456666666661
2025-12-26,05:30-05:50,81.32541666666654
2025-12-26,06:10-06:40,68.20566666666657
2025-12-26,06:50-07:10,51.68801666666673
2025-12-26,07:30-07:50,26.840616666666776
2025-12-26,08:10-08:40,37.77363333333318
2025-12-26,08:50-09:10,30.577816666666877
2025-12-26,09:20-09:40,51.27786666666691
2025-12-26,09:50-10:30,198.34524999999962
2025-12-26,10:40-11:00,81.97831666666684
2025-12-26,11:40-12:00,54.70954999999981
2025-12-26,12:10-14:00,373.53071666666665
2025-12-26,14:30-15:00,175.57733395061643
2025-12-26,15:50-16:30,75.60260000000008
2025-12-26,17:10-17:20,8.114433333333352
2025-12-26,17:50-18:00,4.211750000000033
2025-12-26,18:10-18:30,96.63266666666658
2025-12-26,19:10-19:20,1.3645499999999515
2025-12-26,21:00-21:20,4.140049999999974
2025-12-26,21:50-22:30,58.796566666666536
2025-12-26,22:40-23:00,12.319966666666915
2025-12-26,23:30-23:40,12.461666666666815
2025-12-27,00:30-00:50,47.83081666666669
2025-12-27,01:10-01:30,61.77548333333334
2025-12-27,02:40-03:00,50.0154
2025-12-27,03:20-04:00,176.11184999999995
2025-12-27,04:50-05:10,17.015766666666764
2025-12-27,06:00-06:10,24.984999999999957
2025-12-27,07:00-07:10,29.160000000000082
2025-12-27,07:30-07:50,41.40065000000011
2025-12-27,09:40-11:50,779.5586833333334
2025-12-27,12:10-13:30,602.5219333333333
2025-12-27,13:40-14:10,168.81171790123244
2025-12-27,14:50-15:00,4.236683333333417
2025-12-27,15:20-15:50,130.84545000000003
2025-12-27,16:10-16:20,2.719133333333417
2025-12-27,16:40-17:40,115.78278333333326
2025-12-27,17:50-18:20,94.09706666666666
2025-12-27,18:40-19:00,53.11296666666664
2025-12-27,20:00-20:50,117.61956666666651
2025-12-27,21:30-21:40,10.866666666666731
2025-12-27,22:30-22:50,57.42213333333325
2025-12-27,23:20-23:50,20.867999999999938
2025-12-27,00:00+1-00:10+1,0.8316666666667061
2025-12-28,00:10-01:10,236.56119999999999
2025-12-28,01:30-01:40,0.6450000000000955
2025-12-28,02:00-02:10,21.18833333333339
2025-12-28,02:30-03:10,120.56615
2025-12-28,03:30-03:40,51.81333333333339
2025-12-28,04:00-04:30,58.48521666666659
2025-12-28,04:40-05:10,61.2886666666667
2025-12-28,05:30-05:40,0.24833333333333485
2025-12-28,06:40-07:00,28.684266666666552
2025-12-28,07:20-08:30,191.80401666666702
2025-12-28,08:40-08:50,0.5406000000000404
2025-12-28,09:50-10:20,71.54920000000016
2025-12-28,11:50-12:10,34.080800000000295
2025-12-28,12:30-12:50,63.427800000000275
2025-12-28,13:30-13:50,75.84056666666675
2025-12-28,15:50-16:00,11.212816666666868
2025-12-28,16:10-16:30,31.365750000000048
2025-12-28,17:10-17:20,2.251966666666476
2025-12-28,17:40-18:10,137.32331666666664
2025-12-28,18:30-18:50,44.60613333333322
2025-12-28,20:20-20:50,126.40229999999985
2025-12-28,21:00-21:50,107.65845000000002
2025-12-28,22:40-23:00,59.08885000000009
2025-12-28,23:30-23:40,14.035000000000082
2025-12-29,00:30-00:40,27.463333333333367
2025-12-29,01:50-02:00,15.484733333333338
2025-12-29,02:20-02:30,2.307266666666692
2025-12-29,02:50-03:20,80.71961666666664
2025-12-29,04:00-04:40,98.18580000000031
2025-12-29,05:00-05:10,28.136666666666656
2025-12-29,05:40-05:50,24.866916666666537
2025-12-29,06:20-07:10,112.99414999999998
2025-12-29,10:50-11:00,2.1007999999999356
2025-12-29,11:40-13:10,380.6149999999998
2025-12-29,13:30-13:50,112.96436666666648
2025-12-29,14:30-15:10,76.39139999999986
2025-12-29,16:20-16:40,105.18820000000012
2025-12-29,17:00-17:10,39.74499999999989
2025-12-29,18:30-18:40,6.30499999999995
2025-12-29,19:30-19:40,7.548333333333403
2025-12-29,20:00-20:20,20.701450000000136
2025-12-29,21:30-21:50,30.228783333333354
2025-12-29,22:20-23:10,139.064433333333
2025-12-29,23:30-23:40,8.668333333333521
2025-12-29,00:00+1-00:10+1,23.671666666666624
2025-12-30,00:10-00:50,49.8898833333335
2025-12-30,01:20-01:50,72.86168333333319
2025-12-30,02:30-02:50,7.393349999999941
2025-12-30,04:00-04:30,131.14380000000017
2025-12-30,05:10-06:00,191.30536666666654
2025-12-30,06:30-06:50,3.17221666666637
2025-12-30,07:10-08:30,269.63309999999973
2025-12-30,08:50-10:00,378.2261333333332
2025-12-30,10:20-10:40,37.58305000000007
2025-12-30,11:20-12:00,113.17964999999947
2025-12-30,12:50-13:00,12.538416666666649
2025-12-30,15:40-16:10,71.78899999999851
2025-12-30,16:40-16:50,5.7086500000001905
2025-12-30,18:10-18:30,25.41644999999993
2025-12-30,18:40-19:10,74.04445
2025-12-30,20:00-20:20,45.686633333333475
2025-12-30,21:00-21:50,89.38981666666655
2025-12-30,22:10-22:30,56.07741666666652
2025-12-30,22:40-23:00,10.477633333333415
2025-12-30,23:10-23:20,1.458199999999806
2025-12-31,00:40-01:00,36.59041666666667
2025-12-31,01:10-01:30,26.255716666666785
2025-12-31,01:40-02:30,183.51665000000003
2025-12-31,02:50-03:20,46.564016666666475
2025-12-31,03:40-03:50,19.173250000000053
2025-12-31,04:50-05:30,177.8108333333332
2025-12-31,06:00-06:10,25.431666666666615
2025-12-31,06:30-06:50,7.788283333333315
2025-12-31,07:40-08:00,49.48505000000023
2025-12-31,08:10-08:30,45.312766666666846
2025-12-31,08:40-09:00,98.84508333333338
2025-12-31,09:50-13:00,1372.175116666667
2025-12-31,14:40-15:00,96.03335000000004
2025-12-31,15:50-16:20,34.43699999999987
2025-12-31,16:30-16:40,0.3820833333334832
2025-12-31,17:20-18:00,37.38478333333351
2025-12-31,18:10-18:50,70.79394999999994
2025-12-31,19:20-19:50,57.10613333333367
2025-12-31,20:00-20:20,26.339766666666605
2025-12-31,20:40-21:40,157.01850000000013
2025-12-31,22:00-22:30,118.62365
2025-12-31,23:20-23:30,15.312516666666397
2025-12-31,23:50-00:10+1,89.47103333333337
